,business_id,date,review_id,stars,user_id
79666,v3AS5LGeV2Si4nOHZ7lgxQ,2005-12-23,6ObNOuQQ9GDPgs0E-sIgJA,3,rtGGNdFjhwB1tc7jLaWi6Q
102875,QwGV_v3s9eOMzfWrFLUf6A,2005-12-25,xjGEd61ZfCNbhFN-JZ8r0Q,3,NUceDv-rdWaZk644Ps8sWg
113675,kUTusjnUPVZUgUJc2GuWuA,2005-10-09,A-MUd95QlZqW1cBLwXEACA,5,uZV0neUr5NefvU4o3NZBPw
113681,pxpLVCInGwLClbnwJwxInw,2005-10-09,lN0HG7ApQFO3FtDjxFTY6Q,2,uZV0neUr5NefvU4o3NZBPw
113683,dc6sPg9kNliz_Cy2yX19tw,2005-10-09,lLL4eLHwhQHZrBn9qq26Tw,3,uZV0neUr5NefvU4o3NZBPw
113696,yZAGhlsrmupLbrgdKm6reg,2005-10-09,gk1AKlWvyOrdfvv7xV_x0Q,4,uZV0neUr5NefvU4o3NZBPw
113703,aqONNC5onqX6EqHHUO1CJA,2005-10-09,dZ7z3B4h3G5nhKwfsAPBCQ,4,uZV0neUr5NefvU4o3NZBPw
131690,yMopev-RPxfEXgqkJOvCGA,2005-09-07,I98aR821LppxDX3laHen1g,5,aIk07jxkia9izLMKRbaHHw
131691,_4Gpn_NIM94D9OFucgfaJQ,2005-05-03,W3hntNgAgCDcW9M6efLHIQ,3,aIk07jxkia9izLMKRbaHHw
131692,_5UAFrD3EDgJO1aZgRxH7w,2005-09-07,Z38q7MEl1Yiioxc--RkZVg,5,aIk07jxkia9izLMKRbaHHw
131693,IpH4Ngf30TLTBljWvOOt7A,2005-09-07,OZaO3QOuufMvSRCIPbLOfQ,3,aIk07jxkia9izLMKRbaHHw
131694,aO1gAp41n8w8zpxTiHdLNA,2005-09-07,yIdT9E7ZFSjzE4JfXKiaxA,4,aIk07jxkia9izLMKRbaHHw
257851,nMo0ozHO7cqsPaxw_7N6ow,2005-06-17,9wBpd-mndRtL3lqYkD0gMg,5,RwIZKjFhYJJOs76BvlsR_Q
257853,KEGLWeFAWXvo0W2LnujhtQ,2005-07-24,HTbUyxKDSwFOEEIFhl3QtQ,5,RwIZKjFhYJJOs76BvlsR_Q
257854,ZCXjNG1EBFiKKMtR9DOTGg,2005-06-17,xBljDmk1cMOuc1RcpSCQQw,5,RwIZKjFhYJJOs76BvlsR_Q
257857,Oy2WnPyiOlPFvPKMIuOC8w,2005-06-18,0Xy8-yZek5euK4N4KJThuA,5,RwIZKjFhYJJOs76BvlsR_Q
257858,osSwv6CJy5hDKQdOKeyTow,2005-06-17,rdkleczlQYs1BbIUAaAa5Q,5,RwIZKjFhYJJOs76BvlsR_Q
309573,vn5f16PcHU-feucWgK7r1g,2005-12-31,EesXs5xflqDSevXR7lWNjg,5,hRsDz-LjgnVArxl5Peac5w
309574,rb2IywByQD6QWz4pWnbWqg,2005-12-31,2WtdUUJgKmvzKLVp0lDpMw,5,hRsDz-LjgnVArxl5Peac5w
309575,kDCmjSgYGn8MbQsnO5UJnA,2005-12-31,cuzKp6P73SFgg_HmT2TWcA,1,hRsDz-LjgnVArxl5Peac5w
335400,OfqTPtPSQfCVxaSlY4qAxg,2005-12-08,CC_pmdY0a4TE7ZYrDsZHVg,3,58yhbFfNHjULDZx0FD-Dvw
335401,JwyH48vqADWY6HieOMDxgQ,2005-12-05,cV0fodCoiaua-pLWd909CQ,5,58yhbFfNHjULDZx0FD-Dvw
455926,vn5f16PcHU-feucWgK7r1g,2005-03-11,xZFJ3Jy_gtD4R6p7Oj4ZaQ,5,Jqs3IIVQCPA3bU5EeX1W1Q
455928,ues2rFe_hbRC7s232PX5QA,2005-03-11,leZdjfXSl6yvUt0762JYYQ,5,Jqs3IIVQCPA3bU5EeX1W1Q
489229,v9u0NgjA4iQeKGevFnYSCA,2005-03-09,Xv5THdeU3h_E-9v3jtFLtQ,5,qv0zg1b2C4nLzy73WohrhA
498311,TKB6okE0QTgx8Bz6dyKjUg,2005-12-30,Dmes34Oi-vzoU-GXYB1-jQ,4,OXIJVK12GNTdHlmKJR7xbg
498312,jbbFSVdIrac2QBuSV-NBLw,2005-12-25,mw5aY-rBhxezvPuJfEU5JA,4,OXIJVK12GNTdHlmKJR7xbg
498314,PDIh1lVtKlUqPJROXYJQvQ,2005-12-25,95GPjRfWWQr6_5SM6Rnbug,4,OXIJVK12GNTdHlmKJR7xbg
498319,iyoym9B8gU_YPXSb3m31LA,2005-12-25,vK1yGeu36-rKqvteWg-Y8A,4,OXIJVK12GNTdHlmKJR7xbg
498320,6fPQJq4f_yiq1NHn0fd11Q,2005-12-25,AuY12hD6yXCcjrYy-09FJw,3,OXIJVK12GNTdHlmKJR7xbg
498321,vW65SNLam99SyOuVagNuvg,2005-12-25,fkaE5iGlvHk8Zn0CeIdkww,4,OXIJVK12GNTdHlmKJR7xbg
536139,1dhPgc7E7IzzpxjHM2LphQ,2005-05-15,aK0D6xt5pTmVVTIW-0O0sQ,4,c8qFkI_VusWo0xZvkjfBWQ
536140,Fpm3WvqtrAg2ueh_4pz7iA,2005-05-26,ou5-Gfk9rXZiW0WC2u2V7Q,4,c8qFkI_VusWo0xZvkjfBWQ
536141,jxNdYI9sQmTkqfpTsmhGtg,2005-05-26,sMwaexsG18eq5bW5WihsRA,3,c8qFkI_VusWo0xZvkjfBWQ
536142,oeW0vIYd3rUnAPgmD4fEFg,2005-05-26,7c-BeLeTqYgRHAq5MqMrnw,4,c8qFkI_VusWo0xZvkjfBWQ
536143,58oVEzvF6EnOmvVkXYFkTg,2005-05-26,dVoNbIYg4aADXdOEdMDpZA,3,c8qFkI_VusWo0xZvkjfBWQ
536144,Z6_gRH_m8FQlKgsNkZKmTg,2005-05-26,NzPJRtUv_4Pm8VANT4HNyQ,5,c8qFkI_VusWo0xZvkjfBWQ
536145,Ul6JwluSTm12PVDIqnNaTg,2005-05-26,broacqbYO0_IMSkCuanC-g,5,c8qFkI_VusWo0xZvkjfBWQ
536146,LQFmktF43j2NPncKdNd9mg,2005-05-15,vM4cPcEAJ7H5yN56ukMIIw,5,c8qFkI_VusWo0xZvkjfBWQ
536147,lKom12WnYEjH5FFemK3M1Q,2005-05-15,k9Eyxp8enSJU2l39bW9sjQ,5,c8qFkI_VusWo0xZvkjfBWQ
536148,j37Z4LIXTH9j6KOq9aX8DQ,2005-05-15,JhHURTnnmYVQzx82vjgGjg,5,c8qFkI_VusWo0xZvkjfBWQ
536149,3frFidAcPVYAFB2RxxkIdA,2005-05-26,nhVESK1aZbzpQ4aJG4s7Bw,3,c8qFkI_VusWo0xZvkjfBWQ
536150,rjKMTKPsjYw4RtiMpHquJA,2005-05-26,E1oTC2D9q9hSMDzF8lJN0g,3,c8qFkI_VusWo0xZvkjfBWQ
536151,hTZGMEKTtaY0wwB-czFxxA,2005-05-26,apw29MHBA5Nba5I1Xa0pnA,4,c8qFkI_VusWo0xZvkjfBWQ
536152,_iUlt5rm-15QoLw0MEEg5A,2005-05-15,D4FC0t2LyyDfqaECrztOvg,4,c8qFkI_VusWo0xZvkjfBWQ
536153,hsRjct8UiUHU54B983GmcA,2005-05-26,_5CGo03nlnebr-Rglgsv9w,4,c8qFkI_VusWo0xZvkjfBWQ
536154,e9KXojla4OuVP7qcC5LNsg,2005-05-26,mCfN7MIbg9FONW8S2xZKzw,3,c8qFkI_VusWo0xZvkjfBWQ
536155,C2uQIDpzEJu39JmGd_Cw3Q,2005-05-26,BFa_8twFk5awGBD3B8bINQ,4,c8qFkI_VusWo0xZvkjfBWQ
536156,pHpOuNf02eMyhdCnvMQGhg,2005-05-26,sXvt6haCO4SsOynYB1ECRg,4,c8qFkI_VusWo0xZvkjfBWQ
536157,gn8cZOxQIZNUeiHcJ0WxMQ,2005-05-26,euU8avFp6j1noN70fulylQ,3,c8qFkI_VusWo0xZvkjfBWQ
536158,ODTI9W7fHMKNWZ3g8VcFUg,2005-05-26,aG8DkGSVcvIchm7mjDjzYw,3,c8qFkI_VusWo0xZvkjfBWQ
536159,J9f-9Prw2YVM-fiZqv2fmQ,2005-05-15,YQ9JNQMzvZn-IaY7j0z_Jg,3,c8qFkI_VusWo0xZvkjfBWQ
562868,RJNAeNA-209sctUO0dmwuA,2005-12-01,aZXd5GnmYa9SaMYmLyR9Kg,5,pDG08u2FcJCAU-AHFmYNug
562869,Xl6I0-JmFE_6w28bku2idQ,2005-10-11,9J_ck2JO3fi6RH5JLu8A-A,5,pDG08u2FcJCAU-AHFmYNug
562870,VMPSdoBgJuyS9t_x_caTig,2005-10-11,9lnM8f0USvLlctSKTLWuHw,5,pDG08u2FcJCAU-AHFmYNug
562871,6mqfcZI2I6Y8QGBPiFAsnQ,2005-10-11,6_4z_f7Yr1q1uXypWPbfpA,4,pDG08u2FcJCAU-AHFmYNug
562872,uoUa8ugZLrly0bA268IqEg,2005-10-11,TK0kooqFp-2krzmTOVmGAQ,5,pDG08u2FcJCAU-AHFmYNug
563432,Cr4ipI-tr-R8Q0NilkWNkA,2005-04-13,oFvYXKCn9qXKfJ8SXMNEGw,5,M36eKrxmWHYJvzZs83aEVA
673629,08AqwKb4NlV43qCYLuiVIQ,2005-05-20,2CJ-UtgtqtfeDiVkJALovQ,5,5Kdb0ciGON6EHNUeFmrjEg
694827,U-d9doJXDRpvfozdU5-JrA,2005-12-31,LKaLdoD12wf9R8cSGeSaXg,4,s5om27iNAJHXVg_yQxPX2g
694838,a6SqJZTFMpSOR6Qb0STyFA,2005-12-31,HkOK-RKy03IeCW-zFh-2Ug,5,s5om27iNAJHXVg_yQxPX2g
694839,8nNB_yG1gzVpbqNH2EBucg,2005-12-31,11t2IB0DhdPT-93wpLhYnA,4,s5om27iNAJHXVg_yQxPX2g
713013,OK0ba4X5seibH8oMWh4bhw,2005-09-08,WGW72yjnzU0tG8ElGnKcCg,4,rnpfjsL2KJXuI27nstek3w
713021,Qb4sJ4ssSX1clY2wEAOmsA,2005-09-08,cnteP6c8d0XhHGNDEA0HLw,4,rnpfjsL2KJXuI27nstek3w
767940,9IZX6ctv4ea6mc9gzu1flQ,2005-04-15,D9v5QVk4rM_qA2JcM-xZ0A,4,ZftKc54UnKJSbuzyEg4SjA
818448,wyFV6UN--hH_ifbvdsjSkQ,2005-08-24,OgYPhks_K76HxpXH_UIfdQ,3,EU2V6NOtkDkMtbIJEeEjzw
863550,PGUuVJEzM0H-ZMB6m1D6Ig,2005-04-01,4hv7sqoPJuXjZqq7GRZiYQ,4,xcZo4LD1AgwH-aeKD2Rvtw
865502,-yApKLEFAvvNyifvpNKWCA,2005-10-14,a7XZweM-uvTygimz0wtk1w,5,k2zuwaAne-FhHd8M6bXnyQ
865503,6ZtGxbWeQPen-ecU4ZBz9w,2005-10-15,-zxO892q0ltknPyNS7h48Q,5,k2zuwaAne-FhHd8M6bXnyQ
865504,QJR4qBUHegWEozSQrGmBPw,2005-10-15,6JeTO9iBoblsgaH47biypA,5,k2zuwaAne-FhHd8M6bXnyQ
865505,eJCDUkFa7wl-BHYKZzaTMQ,2005-11-02,9rJwCByVg4rVZukTIvQmog,5,k2zuwaAne-FhHd8M6bXnyQ
865506,Lau3N654yNyWdIIybea1uA,2005-11-22,3n9hqWOzEQf8ToDA_vcZzw,3,k2zuwaAne-FhHd8M6bXnyQ
865508,d4qwVw4PcN-_2mK2o1Ro1g,2005-10-14,hkdIgum4aBo0MtR-JJ8nwg,3,k2zuwaAne-FhHd8M6bXnyQ
865510,4JNXUYY8wbaaDmk3BPzlWw,2005-10-15,diaVB93Is7yYD-ajYQKvqw,5,k2zuwaAne-FhHd8M6bXnyQ
865511,ijg7qQCYnhUWBd5JUxbfvA,2005-11-28,WuY7v0oyABJxeLkjwdFXbQ,4,k2zuwaAne-FhHd8M6bXnyQ
865512,IyrDnrvUKpndj5zIv1KvGQ,2005-12-10,T48FYrHhjoaQuu2yvW_X3w,4,k2zuwaAne-FhHd8M6bXnyQ
865513,6xgcHeLad-VaoTIQewK84A,2005-10-14,mJoCBa3995HHhZIWP1BrIg,4,k2zuwaAne-FhHd8M6bXnyQ
865514,z0rSmZQz9eEXjg_C3_E5-g,2005-10-14,qCbE2n4tvLT2bzaPfEbU7A,5,k2zuwaAne-FhHd8M6bXnyQ
865515,KskYqH1Bi7Z_61pH6Om8pg,2005-10-14,K0ihBDItnPYttWkR2Crpnw,4,k2zuwaAne-FhHd8M6bXnyQ
865516,BCAw9a_kyx2RddRH9tMmKQ,2005-10-14,V0ZtJUt6aZa2N8zI7-l2Gg,4,k2zuwaAne-FhHd8M6bXnyQ
865517,Ql_J2DSIE8QYp5rXf3721A,2005-10-28,LETrW_IVKBuBhwUKN2W8SA,5,k2zuwaAne-FhHd8M6bXnyQ
865518,Wfl_ch21ojyHsPnkvvnstw,2005-10-23,vBRdjq6OX8YFyClJoMX4qw,5,k2zuwaAne-FhHd8M6bXnyQ
865519,f4kNNLU_0q_2J711jCN7dA,2005-10-14,50ji_gl9YMuCxQpCTpCZiQ,5,k2zuwaAne-FhHd8M6bXnyQ
882252,XZbuPXdyA0ZtTu3AzqtQhg,2005-12-23,1rogZNI93RoRer8l_SCelQ,2,v0VQZ4ydxep_5b6OMbAckw
919018,TuA6RNMVHAlqyOKDrgaKPw,2005-06-11,1R246HzzONUj-UV4caEcTQ,5,QabaBQ1Z_ZLhz85We5KBJQ
60445,PDIh1lVtKlUqPJROXYJQvQ,2005-11-29,pD763sGPGDAasGFE-3hFXw,1,xdk_0qlKbsrYQv7NLTU2jA
60452,Cni2l-VKG_pdospJ6xliXQ,2005-11-29,HNMF1HbGOgBm4R90UksbrQ,4,xdk_0qlKbsrYQv7NLTU2jA
97536,ODTI9W7fHMKNWZ3g8VcFUg,2005-05-04,LNe9pUoCJcVWq2KqCfqqJg,5,KALxScy9eKOsR6YlAzOCkQ
281694,orrrhqRRUORIzUSxWTveKg,2005-07-28,OSn0an28Kz-iGdDdy24yvg,5,Bf87HcPERF9yiSjb2tQBqw
281696,MVIthKWqwkQz0dai7LkVzQ,2005-04-15,R3tRYd1fcxTIhDH8pwV8_g,4,Bf87HcPERF9yiSjb2tQBqw
281706,kOYALk9wwQXAFa9ptaoMEg,2005-05-21,epsEFZPzK9NuumVdxHLg9w,5,Bf87HcPERF9yiSjb2tQBqw
281711,-Eu04UHRqmGGyvYRDY8-tg,2005-05-21,uWnO5mvUmAO2AixINjdoaA,5,Bf87HcPERF9yiSjb2tQBqw
281714,xiJU_UDQM6hk9oNAYCTzRQ,2005-07-28,U77TOkud64kgWDiKNT6slQ,4,Bf87HcPERF9yiSjb2tQBqw
281715,U8VBmn3BpDx9udmALk2TBg,2005-05-22,3BlSag5f1j7TlQ33q-n_JQ,4,Bf87HcPERF9yiSjb2tQBqw
281723,TNQMnauUy5jposO9P6WcJQ,2005-05-14,wJVDIdplkMpsmJss4n2YXg,4,Bf87HcPERF9yiSjb2tQBqw
281724,LD_r78sj2FLuTRZ-eHhi7A,2005-07-28,pZpmBskE8BWw8RHlLz5bFA,4,Bf87HcPERF9yiSjb2tQBqw
281727,SYOzI_Ooe-rXI3ZqCybwSQ,2005-05-14,Z5PKLaUrMdq9ThAZ3Sf9mg,5,Bf87HcPERF9yiSjb2tQBqw
286255,ujHiaprwCQ5ewziu0Vi9rw,2005-12-06,JCwAjcJE5iZlqZflNU_HDA,5,3oQ_jCT-FZclylgCUCXHQg
286256,LtXy1VinKWfuLFslVarKRw,2005-12-06,labx4QdjRED_Jj9QY_cBlA,3,3oQ_jCT-FZclylgCUCXHQg
300011,EbSX56Nddv-AcYlt58m0kg,2005-12-09,Q2LRlQCDoAjEk-eBZa-H4w,5,Hae34UC7SAHGztdO6453UA
330729,UAU1aSlqgrZwZ847npH37w,2005-09-14,FVvbaTcoFEWwlpxSIMwoxg,4,jukdpc6K4eSmBIOdLz2UWg
330730,LDjEyjLqzmaMt7Gfe-wZXA,2005-07-31,IojTHgE7JHY1WK0diAl6Ww,5,jukdpc6K4eSmBIOdLz2UWg
330736,aIJqDWUt10iS45zYCr0KcQ,2005-09-14,U4O0yVkETv0Rd2gowl6aOw,4,jukdpc6K4eSmBIOdLz2UWg
405980,-yApKLEFAvvNyifvpNKWCA,2005-10-13,OXm-QmbQBPP_0klW7RtnaQ,5,QgPGXQqSwxhEAY5zUq3aCg
405981,aKEEQqL1UFMieilnylI1gw,2005-12-12,ctup_gWvah2iYjpAr2NkuA,5,QgPGXQqSwxhEAY5zUq3aCg
405984,d4qwVw4PcN-_2mK2o1Ro1g,2005-10-13,OQP5LBhaMOYzlIZaElULQQ,3,QgPGXQqSwxhEAY5zUq3aCg
408423,v9u0NgjA4iQeKGevFnYSCA,2005-10-12,TWePicFQk5VZU6BxyMknpw,2,XRYdDW2W0jN3S5ZDt6v1qA
408424,0HwrX6P6lh92F0f-A_QzjA,2005-10-13,cVvtGtft821K4COzOZPq3g,4,XRYdDW2W0jN3S5ZDt6v1qA
436460,a8cpW0oQhnJxvBN2IT-znQ,2005-10-13,waRB2yDv4XukE-bbgn_trA,4,XRYdDW2W0jN3S5ZDt6v1qA
436461,wyFV6UN--hH_ifbvdsjSkQ,2005-10-12,PEeA2d5FM89W-tj87cUlhA,5,XRYdDW2W0jN3S5ZDt6v1qA
586737,RJNAeNA-209sctUO0dmwuA,2005-12-31,ZbMV-rZoWnmY2xO8AV-EFQ,5,RxsONn-lcgCOhh1Z-2v-4Q
586744,LZ_R2OLgZQSQMMzlp8uUOA,2005-12-31,POMqPpnhUErQQiypFowQ9Q,4,RxsONn-lcgCOhh1Z-2v-4Q
586745,2U-BRvnR9IGb61-GnIshLw,2005-12-31,fSaQTbKWvs85c9qzv469eQ,4,RxsONn-lcgCOhh1Z-2v-4Q
586770,EgtyW19V-64c6PmRuvzSEA,2005-12-31,bnm8emW7FOzrdTEjTDdAyw,4,RxsONn-lcgCOhh1Z-2v-4Q
623488,ZkGDCVKSdf8m76cnnalL-A,2005-11-25,hnwL6K-TYtmtq1Zo6h3PaQ,5,IDVX4Is4CanREchBmpFXoA
623489,8Do8TCvBlRLxCIoBYoL4rw,2005-12-21,eh7C43uziMVZDj0atykmOA,2,IDVX4Is4CanREchBmpFXoA
623495,LZ_R2OLgZQSQMMzlp8uUOA,2005-11-02,qaqkJrF4gatfq38-FI6l6A,5,IDVX4Is4CanREchBmpFXoA
623496,BF4RaOWyjLDa9OvriKc1sA,2005-12-09,0VdYZnD8CxFgrFxpck2pmw,4,IDVX4Is4CanREchBmpFXoA
623497,Ev142kLmV_ASI9iAl-KfKA,2005-12-08,0RXCicYMYqE-HQePr_6eWg,4,IDVX4Is4CanREchBmpFXoA
623498,IPUGrf2xuClfxfBIA020kw,2005-12-21,7DMIWX8ppHnXGx8c6RX5dg,5,IDVX4Is4CanREchBmpFXoA
623499,Gi48Z9ZPlEUgQU1xo_7Hjw,2005-12-10,k5vAqz4dTDeD9zDMweULRQ,5,IDVX4Is4CanREchBmpFXoA
623500,ITieHQ8UwKq74FnqTKnPOQ,2005-12-21,_bo21JkcBeVC_vG8tevjHQ,4,IDVX4Is4CanREchBmpFXoA
623501,sbOlgkiKttP4Cq_p6Z-f4w,2005-12-08,O9F5zAw7O43q7uvxNvRCsw,5,IDVX4Is4CanREchBmpFXoA
623502,YpsMG1_Vf-rEVjl42Nw8hg,2005-12-21,gOmUj1q2O5uV5DSmKuBjBQ,4,IDVX4Is4CanREchBmpFXoA
623503,yLH9mFFwOlzFB_fYKpSyLw,2005-12-08,vFZth2TZwx6epA-2_zl3Eg,4,IDVX4Is4CanREchBmpFXoA
623504,ujHiaprwCQ5ewziu0Vi9rw,2005-11-26,SpD8GVPRzJ0Q3su8vWwiiQ,5,IDVX4Is4CanREchBmpFXoA
623505,TuA6RNMVHAlqyOKDrgaKPw,2005-11-17,JnerpfmPwXkEkuhbSXspTw,5,IDVX4Is4CanREchBmpFXoA
623506,BvyUXno0grQerd5cZGDFPw,2005-12-02,p_2ZxNNtI78qp2oCNfyfvw,5,IDVX4Is4CanREchBmpFXoA
623507,9urG14qwHtGRpQQUYY2y9A,2005-12-04,IakFuUQhM4fkbIDdBDlnGA,5,IDVX4Is4CanREchBmpFXoA
623508,UXFLCGw1yOCajlMONYQM1w,2005-11-25,061B8Z0xvxiP9DEM7me-rA,3,IDVX4Is4CanREchBmpFXoA
623509,MuLF5vPE73lGydhv-6xbtA,2005-12-08,qDtECuy7OMwR-S6p64zenA,5,IDVX4Is4CanREchBmpFXoA
623510,Fi-2ruy5x600SX4avnrFuA,2005-11-26,Cf0H_eIrV3Ny0ui6625Ipg,5,IDVX4Is4CanREchBmpFXoA
623511,fcQDwASYxBGQHiMIJadw-Q,2005-12-09,KR3nGcPvAmvIb0iEk9OXuA,4,IDVX4Is4CanREchBmpFXoA
623512,lzD08INl2DDUcDGHXsMkmA,2005-12-23,YMXosSQvL9CwXLe2oCSzWQ,3,IDVX4Is4CanREchBmpFXoA
623513,V9klA6JGT6Fz2UpVP_7sBw,2005-11-25,clo2j2H-l_kVdObrJXFkXw,4,IDVX4Is4CanREchBmpFXoA
623517,VgGO13Fx7dQj4zg3IuVDLw,2005-12-21,KZOBKJYMTnX4hOwUl1M26w,3,IDVX4Is4CanREchBmpFXoA
623518,1XZd5hbOdCSaAdx9KdWnrA,2005-12-23,nqeVL3paOoO1mNqLwLRmPA,5,IDVX4Is4CanREchBmpFXoA
623520,50Anorn0DJXFhBr9a9_gHQ,2005-12-22,WKLz_TBERWeydzSEIuom7A,4,IDVX4Is4CanREchBmpFXoA
623521,yAkaDc6MWX3dy8bnEcCrRQ,2005-12-08,ttQCgqoq8F1EXTLJk8yffA,3,IDVX4Is4CanREchBmpFXoA
623522,wUqqq1nUFA8Fn-3vYYFyWQ,2005-12-08,ubS4QoA10KYR3wTsRt5vVw,4,IDVX4Is4CanREchBmpFXoA
623523,HO2knNxcc_8lFtgGxN8q2A,2005-12-08,nd1z5T80FnfdsGMw_VpCdw,4,IDVX4Is4CanREchBmpFXoA
623526,S4NHg4GZD35HzzibJAxXDw,2005-12-10,2l8AoaPQnZbL7uPPOm8JUg,1,IDVX4Is4CanREchBmpFXoA
623527,VrE8b5u-ai47W__Diw_mKg,2005-12-08,-zpFCJ-xroulI47gAKIxXA,4,IDVX4Is4CanREchBmpFXoA
623529,zjwdU1OdlbKTGjm-IfD4TQ,2005-12-02,0KcNClxbYlKcwmbYCB08aQ,5,IDVX4Is4CanREchBmpFXoA
623530,i60v66vwf1A13YqcIqGD_A,2005-12-08,dpuBpqQhslNH5FS39voSbw,4,IDVX4Is4CanREchBmpFXoA
623531,Z8SXv1u_6rKicQy9P7G6fw,2005-12-08,WNKutnHOOZOIFjMAzqJBrA,4,IDVX4Is4CanREchBmpFXoA
623532,zERyZLsAyB47bMZlfUV-SQ,2005-12-08,FWRZoZpp5t58Rzjgbg78tA,4,IDVX4Is4CanREchBmpFXoA
623533,IsADZMYEJKXTtPfN9YsiBA,2005-12-10,9LmGowOt-oaU4NXmypsb_g,3,IDVX4Is4CanREchBmpFXoA
623534,h9ELiqDfwNktCvLEu1DDNg,2005-12-10,CcKSHAlRA0YirQxSQNhYHw,3,IDVX4Is4CanREchBmpFXoA
623535,1GGLx6k4SgM-MykB5TTiJg,2005-12-08,4cq3Fn08vr0DUR3oP19vPw,4,IDVX4Is4CanREchBmpFXoA
623536,aZgOdGn3O_fP2OUr5ATqiw,2005-12-23,l6H4_2GFI9t18vdLQXbm-g,4,IDVX4Is4CanREchBmpFXoA
651040,aLf_bFRNxxGdte8GrIAN4g,2005-12-17,g7fgsjnWLWHWWQX3nti7uA,5,IDVX4Is4CanREchBmpFXoA
651041,dfHA5n6e3f58nMCNHt589Q,2005-12-21,ooaER_sgCL6QGhnxJ7oN4g,2,IDVX4Is4CanREchBmpFXoA
651043,Trs4cEYdP6AX_KihTk9kWQ,2005-12-10,PV9oF5oP_-4igL9dnNM_FA,3,IDVX4Is4CanREchBmpFXoA
651045,qB5m-TgJx_zeWKLLxKRfUA,2005-12-08,x2YxydBXQ8v2LKfeobvB0Q,4,IDVX4Is4CanREchBmpFXoA
651047,EUWBT5GDxPC95w9itZ1EHw,2005-11-17,jrzvkFHl1WUoDOlWXRohUA,4,IDVX4Is4CanREchBmpFXoA
651049,Vbkb2shDxUE8H3PzrFnypA,2005-12-09,BQ7vrDbiQ4jloxCiVB3R6w,5,IDVX4Is4CanREchBmpFXoA
651050,uoUa8ugZLrly0bA268IqEg,2005-12-08,p-T_cvprJT7WthKXZgxEDw,4,IDVX4Is4CanREchBmpFXoA
651051,1-wuGggkiX5rGS6e2qTP7Q,2005-12-02,Cg3FsYD5HQFJGEmnGM6u4g,4,IDVX4Is4CanREchBmpFXoA
651052,LYpujMCxfrHcSO_NA1BRQg,2005-12-08,pgnudVcxLHiMYi6a30Dh6w,4,IDVX4Is4CanREchBmpFXoA
651054,EgtyW19V-64c6PmRuvzSEA,2005-12-09,QPQZWKgvKbwxsrDN7JzbQw,4,IDVX4Is4CanREchBmpFXoA
651055,nsfOIWfXpJVylXvryjEcNw,2005-11-15,Kw0Jzo0R0dC2ijDUP0Y7Xg,5,IDVX4Is4CanREchBmpFXoA
651057,Wc1TtSuRgHXW8CLR7Rs7TA,2005-12-02,q6umBCDQQUwgIF_5tCCuHg,5,IDVX4Is4CanREchBmpFXoA
651058,skJ-AlN0DT9pmBDz0ixeJw,2005-12-08,xk6I5lt2FkHJAoLcHvSDXA,3,IDVX4Is4CanREchBmpFXoA
651059,qkDlRkNfrXE_4t2vMrTo0A,2005-12-08,27AXrRMx0L1Ui51690vPMQ,5,IDVX4Is4CanREchBmpFXoA
651061,ewEDv_q-K0fV0FepkHB8sA,2005-12-08,SYDl8zqfm-QRjHnC0K7IOQ,4,IDVX4Is4CanREchBmpFXoA
651062,nQNjtPpAHw0A8FZj1hPajQ,2005-12-16,drLwmPhQgh7TGLzC-llpNA,5,IDVX4Is4CanREchBmpFXoA
651063,C37hwsGUHn_3-il0ypeY-Q,2005-12-10,rjRB3xLw7DYtXFufX-wvhw,4,IDVX4Is4CanREchBmpFXoA
651064,tSzIHI6ioblP1WEQAQNbhw,2005-12-08,6ik8i9WlL7uiVWHc1Bs5Ng,4,IDVX4Is4CanREchBmpFXoA
651065,kDCmjSgYGn8MbQsnO5UJnA,2005-12-29,btR9Zp66Rwa8FDSgg-aJaA,3,IDVX4Is4CanREchBmpFXoA
695967,KskYqH1Bi7Z_61pH6Om8pg,2005-07-13,jiUI5OiDmsJEURgmwnfuLA,5,9205mX8wPa0yJT-EJnYHjA
752430,6ySrrRnMB_vb1oTroNFD4A,2005-04-15,zRKJyEr5ApmU3s2bovCq-A,5,pK-aWPU1g8sI93jb3OGCsQ
752431,spnbqpkQsY79i5dL5qiRUg,2005-04-19,NXx9BaOKX8HlissNtQDYQw,5,pK-aWPU1g8sI93jb3OGCsQ
752433,_DPJ_PHJnXsuhYhsgBA0Xw,2005-03-29,aRzFeBf-hUCr4dkNQl-P3g,5,pK-aWPU1g8sI93jb3OGCsQ
752434,OgJ0KxwJcJ9R5bUK0ixCbg,2005-07-08,h5YC1qYa9JD7RPorRHh_dQ,5,pK-aWPU1g8sI93jb3OGCsQ
777168,AfoBKJuGBJvQhc3By4K9Dg,2005-12-27,E8jcQQmiMpfsIYu9RgJ1bA,5,xLTZmUnu8sMuwWNybzHNig
787988,ZpMoI5EECS6Rm7KigN1gPg,2005-04-15,6Q_itWphZ2Fn_qC6I53Fkg,3,kgHcYU5dZRgwZQFoVrzNnA
803295,bvow46stEejfxnnqEKTAyQ,2005-07-22,nh2DVQxxL4iqjAwccu_0wg,3,gkJymaEZE6O52NSzQuKVyg
818091,LWk7Q5CTjpK-k_TfXdbApQ,2005-10-06,kR459OZxs9tGLnCdJ-LU6A,4,elyvWgnY-oN7TfLMDt9o4Q
843547,4Ro6AiYhiinh6hly2Pbdfw,2005-10-06,0lDl1Jg1Qz2KhvkfJKk6fw,5,elyvWgnY-oN7TfLMDt9o4Q
880877,ZkGDCVKSdf8m76cnnalL-A,2005-01-26,Z54-ssb69Mx_lG1YtJ6N1g,5,Ud72j_rglYmXrL_O8zCdoA
880881,LkMtMHVetws5_7QfRjPtlg,2005-01-24,Dm7Jh7tVp_97sOxEYH4DnA,4,Ud72j_rglYmXrL_O8zCdoA
948029,MqYYYNA-ZYvV-1w5qcmMoA,2005-12-26,Ay0UWY2QCLo1mxAhdG7Jog,5,XqTF2kngx9tIGj60QRmB0w
67875,ZkGDCVKSdf8m76cnnalL-A,2005-01-26,gfPLT7BTqd2mJQ449BTrpw,4,0GMMy-FD8ImVsF4M6CAE5Q
67876,LJvGjabschy4zGXwnAk2Wg,2005-01-26,pAugo1esC40DFFsXzcxpQA,4,0GMMy-FD8ImVsF4M6CAE5Q
153613,_KaMPsrR7VMlQ-Dv2VArUA,2005-07-27,wZHmDOouDkFkH-FplLfXxA,5,EJRlKIECDC0-uit4-ZtZqA
153614,zPBr3cn-5rdaO5fjWq6_8Q,2005-07-27,AzLsNx3SfZoaIRrkVxdoDw,5,EJRlKIECDC0-uit4-ZtZqA
153615,wnyMhlR5KCWkTCzQ1_gOUQ,2005-07-28,3Y9rDBqB8e4LAgYbn9QTmg,5,EJRlKIECDC0-uit4-ZtZqA
331692,ijg7qQCYnhUWBd5JUxbfvA,2005-10-11,ax1mdPaKTv2e8fDASSqUUQ,3,YeoDS1ZbCxUlte6YA_Awtw
335907,yQfiIg-HDflMzBKOfyTqQA,2005-07-22,NBdzPjWUgebZOHP4cVTFlA,4,B0QGBVCUm54vs_waVzcScA
335908,ry-FLqYclt7okJbdYcmOhw,2005-07-22,OAuFnzBHbRGfuucBsFhy1g,4,B0QGBVCUm54vs_waVzcScA
335914,3kdSl5mo9dWC4clrQjEDGg,2005-07-22,PgvBLYy1ltDWcZFSiqYgxA,5,B0QGBVCUm54vs_waVzcScA
335917,XXW_OFaYQkkGOGniujZFHg,2005-07-22,RndANUN4letAboZvB7b9UA,5,B0QGBVCUm54vs_waVzcScA
358176,4JNXUYY8wbaaDmk3BPzlWw,2005-10-10,ojCMmtgJPvw6yaIDpUYZmw,5,qEYG5IE5dTekjIhdoV31bQ
380440,Kn23LDd740SBVJ7mum0fwg,2005-07-21,gRw0dXluqIGJWR8SOrs00A,4,VQ-RXIZCH-7eRG8jSMmr9w
380447,S-xZzaHeMyMcqf66GAC4wA,2005-06-23,kTat2pzPGrl93hHhA0WDLw,3,VQ-RXIZCH-7eRG8jSMmr9w
394900,ndQTAJzhhkrl1i5ToEGSZw,2005-11-24,CKD2GfsIzngJEYIZbvfKrA,4,PukPcTf_vAgG9eJoMPs0-A
422958,cHdJXLlKNWixBXpDwEGb_A,2005-11-24,SdJOXvFpF_bKk5v5HG8Scg,5,PukPcTf_vAgG9eJoMPs0-A
422961,a8sW8A49tyY0bzvN0b6bgw,2005-11-24,iRA4jBy5jTegrYrvsIKklw,3,PukPcTf_vAgG9eJoMPs0-A
422964,pTZ4u-sEQr-yHq2Cl4EMEw,2005-11-24,0wthYOGIlplmKNxP12W0uA,5,PukPcTf_vAgG9eJoMPs0-A
494791,bQRdRJ3fBGXzTjptdAAecg,2005-12-11,SYAhYxG4Br1ah3XucffdnQ,4,qYxGJKlYrqNgodzMWHaaGw
494799,mKf7pIkOYpEhJTqjw4_Fxg,2005-11-26,C8yFwyAYSYBfSsXk5Mc2Fg,4,qYxGJKlYrqNgodzMWHaaGw
513785,bF8gv7k_rwZtiDLP2ZB04w,2005-12-20,4kTMJyaShfXLBPXuOXbShw,5,sboKTkDuAvdGAj8LQIaddQ
513801,uJe6qjWPRMgR7QIyZ_zTwQ,2005-12-20,wXDWIgxyGzOfPLYoMCxM1A,3,sboKTkDuAvdGAj8LQIaddQ
513802,jGH9DMTUojegjQZ4anb1kQ,2005-12-20,phLETDbvbThgoqaf3Q8i3w,3,sboKTkDuAvdGAj8LQIaddQ
523061,uIE9H0cz2AvxorEqy5cZ0w,2005-11-26,60s8WvyDmispiUlJ4PDzWw,4,qYxGJKlYrqNgodzMWHaaGw
595307,J-c9f_geQDMcNiZSjJDDYw,2005-09-17,COi-2hskORoYPQ2xavyD1g,3,SU8OPph5kthSrJ73UkMNRw
677448,LkMtMHVetws5_7QfRjPtlg,2005-07-31,fvhzz6aq0aC93LhyWEm2mg,4,6VWXDm7k3-iPfm0cArdRdA
687581,_CgBou-sE-UW2j4otiKtlw,2005-12-02,MlI1TRVT_dExy-JnCh7qXA,3,gjhzKWsqCIrpEd9pevbKZw
687584,-yApKLEFAvvNyifvpNKWCA,2005-10-06,4P3H7cgZRGOCjyz_tuMmYQ,5,gjhzKWsqCIrpEd9pevbKZw
687588,5shgJB7a-2_gdnzc0gsOtg,2005-12-02,LQkpoF-H8bIkWfDHgzXnzA,4,gjhzKWsqCIrpEd9pevbKZw
687589,FvVSy2r7_zDEhZWqLgjXNQ,2005-12-02,y2Nl5pbes5gU-qbe3dvEVw,4,gjhzKWsqCIrpEd9pevbKZw
687593,Gen0ei06dGq13OJ8DRXUjg,2005-12-02,Owr1vrLUVDX09_Yfry17dQ,4,gjhzKWsqCIrpEd9pevbKZw
687597,4JNXUYY8wbaaDmk3BPzlWw,2005-12-02,6HswqFO2yndpRGCe2gIAwg,4,gjhzKWsqCIrpEd9pevbKZw
687600,SDaO5XUo3NIavCCnnl1lDA,2005-12-02,KNWM2f8g0hjYIE--zxSpMw,4,gjhzKWsqCIrpEd9pevbKZw
687604,d4qwVw4PcN-_2mK2o1Ro1g,2005-10-11,R8avQ9D_qcx-Rr5w-zNm2w,3,gjhzKWsqCIrpEd9pevbKZw
687616,8qC6M0kvOu9L_2QVh5pfhg,2005-12-02,m4uaNeF1yASA4oSsMWg-zg,4,gjhzKWsqCIrpEd9pevbKZw
717890,viFP7j-WLzVhkCFXWGWQDw,2005-12-28,x-ywU6BNfO02QcDEHOKONA,4,gjhzKWsqCIrpEd9pevbKZw
717896,KskYqH1Bi7Z_61pH6Om8pg,2005-12-02,lQxRLaH5ZylowPOgjkynxg,4,gjhzKWsqCIrpEd9pevbKZw
717899,BCAw9a_kyx2RddRH9tMmKQ,2005-10-11,gRUET3xapMR3bE6winrYPw,4,gjhzKWsqCIrpEd9pevbKZw
717905,EUWBT5GDxPC95w9itZ1EHw,2005-10-06,ABAItYety_L7oVp1S3X-Xg,4,gjhzKWsqCIrpEd9pevbKZw
717907,fNldo9xOxo-av2_1Q4U9JQ,2005-12-02,gYrwv7IgmAYvp8Ea-gQC5A,4,gjhzKWsqCIrpEd9pevbKZw
717911,f4kNNLU_0q_2J711jCN7dA,2005-10-06,dYSD-uwMlUHfGqk7ZW8GKQ,4,gjhzKWsqCIrpEd9pevbKZw
717919,Knnc473zh8m7IBC0oLTHkg,2005-12-02,do74OeUqH__227memgzLEA,3,gjhzKWsqCIrpEd9pevbKZw
717920,0XEqyl_lVaJNHRKxNcjJZg,2005-12-02,w6TI7BrqyPORww_9sf-eUg,4,gjhzKWsqCIrpEd9pevbKZw
750965,v3AS5LGeV2Si4nOHZ7lgxQ,2005-03-14,RvDTkGKBkRG6lhpo60AOCg,5,GXn4ZsasLKh0qZ5g3nIqcQ
750967,aRIZPbrHwnM04TTXLYrFMg,2005-10-28,1oi-dRvylc8lHfvYZR2hCA,5,GXn4ZsasLKh0qZ5g3nIqcQ
750968,LZ_R2OLgZQSQMMzlp8uUOA,2005-03-14,mfksssA8fhAqT59NFreJhg,3,GXn4ZsasLKh0qZ5g3nIqcQ
750969,ITieHQ8UwKq74FnqTKnPOQ,2005-03-14,agDLOa-3a8tA6o_S-4fGfQ,5,GXn4ZsasLKh0qZ5g3nIqcQ
750970,VgGO13Fx7dQj4zg3IuVDLw,2005-10-28,3U_7QOHLkwQ2HSeYiYe6EA,4,GXn4ZsasLKh0qZ5g3nIqcQ
750974,VMPSdoBgJuyS9t_x_caTig,2005-10-28,Ik8wUwVA-ux3pmsxKmcaOQ,5,GXn4ZsasLKh0qZ5g3nIqcQ
750975,zjwdU1OdlbKTGjm-IfD4TQ,2005-03-14,LmCLPOZU7phHAEhtn6aTkw,4,GXn4ZsasLKh0qZ5g3nIqcQ
750976,ues2rFe_hbRC7s232PX5QA,2005-10-28,wYzjLVDWjz5DNTXCChXDww,3,GXn4ZsasLKh0qZ5g3nIqcQ
750977,ffUMyqLvDLcsed5p_7wy5A,2005-10-28,4U3Jnd_sY83cQcf-QIikaA,4,GXn4ZsasLKh0qZ5g3nIqcQ
750978,h9ELiqDfwNktCvLEu1DDNg,2005-03-17,VariglWgKgN_Dbghkek06Q,3,GXn4ZsasLKh0qZ5g3nIqcQ
750979,CUGPOzeBRz84cdIOGSXcLw,2005-10-28,m5cL0inG-dwaZVEOUv-1ug,3,GXn4ZsasLKh0qZ5g3nIqcQ
750981,XnFPzFiLZ8wKWZsmzGjvCQ,2005-03-14,IC7tpAdhngbO3lN87DtQeQ,3,GXn4ZsasLKh0qZ5g3nIqcQ
750984,1-wuGggkiX5rGS6e2qTP7Q,2005-03-14,_RMKnWrQ6DdPqwTGCuqUVQ,5,GXn4ZsasLKh0qZ5g3nIqcQ
750985,uoUa8ugZLrly0bA268IqEg,2005-03-14,rnWCfxWkA10VP7QKj2z3wg,5,GXn4ZsasLKh0qZ5g3nIqcQ
750986,uTGV1_Bu-B26_RoHAMi2BQ,2005-03-14,2tNiod7H8_mFhKdWhhJEDw,3,GXn4ZsasLKh0qZ5g3nIqcQ
750987,Wc1TtSuRgHXW8CLR7Rs7TA,2005-03-14,qx5M_8zET1b_SilkieysyA,3,GXn4ZsasLKh0qZ5g3nIqcQ
800738,n1Ng1q300iLHYZELtOd5FA,2005-08-19,6qlkQhQFpuX7WXboTv9-dA,3,veZYygPQQwreDknTjLsYSQ
845606,ECOkEVUodMLUxvI0PMI4gQ,2005-12-02,nmzL_scnmVLTzpnDJCAAyQ,4,0DAJCCZcwsftU0gX5C0P7A
912783,OgJ0KxwJcJ9R5bUK0ixCbg,2005-12-16,ojhcn8drLDsgOfxlS9QtSg,4,WGrtNo3jJx8Rlk9HcgOIWA
912787,jS3U9iEGnJY7j5oT9iDN7A,2005-12-16,aTs0dy_JB50ojUtBphRoQQ,1,WGrtNo3jJx8Rlk9HcgOIWA
946635,zjwdU1OdlbKTGjm-IfD4TQ,2005-04-15,0r5IHBglOEs1AgoQ3hB8yw,5,lZsusXJjzStoi3vQmqzoMg
946636,h9ELiqDfwNktCvLEu1DDNg,2005-03-16,OcmiakTqph78EktbdjQ-Lg,4,lZsusXJjzStoi3vQmqzoMg
946637,ffUMyqLvDLcsed5p_7wy5A,2005-10-22,vO7HgMwVi0HYcOMaLMEtmQ,3,lZsusXJjzStoi3vQmqzoMg
11342,NJ0RzuWd5xDqfJejYQZ65g,2005-11-23,X0mzdpUKwnxabGx9kpZS3Q,4,r7kbJcKqJ3dJ3TYevNVIRA
11343,GdCIMZ9BTT4ywETWcByfJA,2005-11-23,Y5hSqc2CKMWoE1M4ZwpJaQ,4,r7kbJcKqJ3dJ3TYevNVIRA
17834,BKLWat64KRYzsT2DgY6Xxg,2005-10-20,m2WJPaoew0aix-gBejvFYw,4,5F_ASUSCHFf3YotkKioZ5w
17836,RWd83o4drIOE60W1meaESA,2005-10-16,0f0NVjGTScuY8mpV56WZQQ,5,5F_ASUSCHFf3YotkKioZ5w
17837,_a6jhRFIgOe74U73T5B-Ww,2005-10-18,9JLtBfXbEsPn0n4pAloCOQ,5,5F_ASUSCHFf3YotkKioZ5w
17839,o13eH93qmWVNFZogkjhd9w,2005-10-16,3vBV0zNu76ZFbOSIPnSA3Q,4,5F_ASUSCHFf3YotkKioZ5w
17842,d-l0D4N236Qc0-Iy-p1cFw,2005-10-17,s9mFD5LqL-RQwON1ULagzw,2,5F_ASUSCHFf3YotkKioZ5w
17851,gZtJyb2oEpwo1rnovDVPfA,2005-10-16,weSUzpvpqumokc9Uzz60jQ,4,5F_ASUSCHFf3YotkKioZ5w
17852,pLBF8QrRkMicJcsjAqW7ag,2005-10-18,wvfR8Nz8mbNgup0ngFZBXA,4,5F_ASUSCHFf3YotkKioZ5w
17853,ZQH1s3nTDyclGrQ160NrEQ,2005-10-16,UblV3BuLo1u3i689M_4FOg,3,5F_ASUSCHFf3YotkKioZ5w
17854,kKCwp86xU9XKRnAALQDhrw,2005-10-17,kTxnMmApTxKca3ymoEbt-A,4,5F_ASUSCHFf3YotkKioZ5w
17855,rmHPZk6jT7NlfJU457oHwg,2005-10-17,r5RPhzmZpv2NknHUMTgaMw,4,5F_ASUSCHFf3YotkKioZ5w
17857,lWmDrnqgU6w3gFaJyn_1Uw,2005-10-18,B08KXxr8qNPiaXpQhv3qgA,3,5F_ASUSCHFf3YotkKioZ5w
17858,mklo4H47YWK7f18YXTCEoA,2005-10-17,BKvJPOEMP5DkNsYPDS8Zlw,5,5F_ASUSCHFf3YotkKioZ5w
17860,Ell98LV4Yuc0DqZwGE8gWQ,2005-10-16,WaH9ErNyk4HIFI8eriXTXQ,2,5F_ASUSCHFf3YotkKioZ5w
17862,aKiE0aZ6vGyOlH-uVOHONw,2005-10-16,d1SK6XGcEUsZy40IPqmUHA,4,5F_ASUSCHFf3YotkKioZ5w
17863,dEKnEqm6Q44copoadiT8Iw,2005-10-17,wBYKNCIaCDqI0fPdHt3M9g,3,5F_ASUSCHFf3YotkKioZ5w
17864,FeXsYKhyJ7F8t0-kn5JldQ,2005-10-16,WBuS8SsFZTkWO4xuR9gYOQ,4,5F_ASUSCHFf3YotkKioZ5w
17865,oWQwUw8xfQgi1nVNKgS6vA,2005-10-16,x5mw91LVu_Zrgh0P0IrCBA,3,5F_ASUSCHFf3YotkKioZ5w
17866,PjOobIUE5onVqU_t7gskrQ,2005-10-17,pKvEEYva8zj7uc96NpRVPA,3,5F_ASUSCHFf3YotkKioZ5w
17869,AtLv64FV-Pw6JuT3XUKU1g,2005-10-16,dOOIjEpsz5dAeG3NuwetOw,4,5F_ASUSCHFf3YotkKioZ5w
17870,njngMI0mhAGJ-kH0oo68Ow,2005-10-17,52O5yB6JxzqxssUy7qEtrA,4,5F_ASUSCHFf3YotkKioZ5w
17871,7U7uLS9YjjhBM1SoyNH30w,2005-10-18,AZ-IDeOpUDmUQny4ntYGKA,3,5F_ASUSCHFf3YotkKioZ5w
17873,A_eABcl0LTts73RNo2Np2Q,2005-10-16,aZJShDJ52ojFsSh-o62fXA,5,5F_ASUSCHFf3YotkKioZ5w
17874,PD2MAlYYi9HCqPH7IBKwTg,2005-10-16,h1OtixbuvGn9fx0Sum0ZRQ,4,5F_ASUSCHFf3YotkKioZ5w
17877,UITomlnpbixMcYNXsVV9Rg,2005-10-20,u9PlJKYuWM5VrK1uWyXSrQ,4,5F_ASUSCHFf3YotkKioZ5w
17879,kyXEnWKQGWSThY6EcjORuw,2005-10-17,Xb5OAsQHZCldlqJLXtjoqw,3,5F_ASUSCHFf3YotkKioZ5w
17881,0grgvnq4GgoY-estWytUhg,2005-10-17,ygoBGw14DHiyljJ8oEK1PA,5,5F_ASUSCHFf3YotkKioZ5w
17882,QD61fmXTp476qfS0dpt2Lw,2005-10-16,texqeOsEVLmImPAWxVe0tg,4,5F_ASUSCHFf3YotkKioZ5w
17884,u8C8pRvaHXg3PgDrsUHJHQ,2005-10-16,T9JXa-tve6ghyO5PozA4ZQ,3,5F_ASUSCHFf3YotkKioZ5w
17885,gEPH0lm8IJcC8dkkwHJ7fA,2005-10-19,IkOUziaVV6DeHy-m76eosA,3,5F_ASUSCHFf3YotkKioZ5w
17890,D6SCh4BwNb52wZIqXdS4JQ,2005-10-18,aevPkxl97q4Gw0yJI-xnQA,4,5F_ASUSCHFf3YotkKioZ5w
17894,dIZcPB3CtNjMn4O_p8QFxw,2005-10-20,NRrzb8mEg8uwUJ2SJ2z6eQ,4,5F_ASUSCHFf3YotkKioZ5w
17899,o80p16nM5CWbl22JP1nB-w,2005-10-17,P0BGGjQCx5vLalQexNmbdQ,5,5F_ASUSCHFf3YotkKioZ5w
17900,gWZOW4-8N5dLixQAlp8iRg,2005-10-18,FtxH3I7RKM0OjwwTpIDscQ,4,5F_ASUSCHFf3YotkKioZ5w
107363,pSQFynH1VxkfSmehRXlZWw,2005-07-18,TZKnNt9_-t7K7uzk5V-Vcw,4,nZcvhWmyQ73TiFDxyGmuAQ
107365,4P1h3LKaCkgQL5dSy5d9gw,2005-07-18,GbJzNn5q6erJTNvVs3yysg,4,nZcvhWmyQ73TiFDxyGmuAQ
107366,OE6y1kddCOo9iQc7RTjTow,2005-07-18,NM8xzqVmP3GcLuc2_INvXQ,4,nZcvhWmyQ73TiFDxyGmuAQ
107367,onoZsIFPJXumpV_ndxcGTQ,2005-07-18,ZAMkF9ae4mobObXD4G6IOw,3,nZcvhWmyQ73TiFDxyGmuAQ
107370,jS3U9iEGnJY7j5oT9iDN7A,2005-07-18,d6JDKZ2sPK3C_vHxJUIQ3Q,5,nZcvhWmyQ73TiFDxyGmuAQ
107371,eDlgbI0Qg_mmI-Osvci0gw,2005-07-18,hFk2tB3pdwbHMeVZDlXrng,5,nZcvhWmyQ73TiFDxyGmuAQ
107374,aqONNC5onqX6EqHHUO1CJA,2005-07-18,2fCoHm9dxECTyEhcyhYSHw,5,nZcvhWmyQ73TiFDxyGmuAQ
107375,JWsq_5AX1vDi-cG7iMJQCA,2005-07-18,fD0tySMXP1dOWShLpTkLeg,5,nZcvhWmyQ73TiFDxyGmuAQ
107376,nbYLSI9dHj3BlznjapQTFw,2005-07-18,f8onc4n91zE_t-j7yLiadg,4,nZcvhWmyQ73TiFDxyGmuAQ
107377,UydVmlfxab6O-CSnjeGZRw,2005-07-18,j8NgHYhqe0GlJfIvqvKnKA,4,nZcvhWmyQ73TiFDxyGmuAQ
174483,Rg4FHrDOD2DJeDY_khy-0w,2005-02-02,3A0LMvRUhIQm6EO0nUriJw,4,OJWl2qdzFM_IdTs23vcjoQ
192929,Cni2l-VKG_pdospJ6xliXQ,2005-05-12,yJ7ra_Zwo7Rp-K1MTEi3Bw,4,bA6sFAZTIc5ddwpnB_WJUw
194175,g62SlImzhs6_1t-knPjd8w,2005-11-23,MUZCaZD6O2578IBr1xOvWA,3,eCcjxh8zjAqn-kZVWZ_HJQ
194178,AqpiBApzrd30LA-vmU3Rvw,2005-09-17,ELUbszEc3xacYSQZQ35zMQ,5,eCcjxh8zjAqn-kZVWZ_HJQ
388416,GHS1rVjO-RMcRB6WJLpCDQ,2005-09-12,3ltm7UQ2SUlfym_ODhrMLg,4,gZ-CewXerXlytUGV-4nFRA
388418,-yApKLEFAvvNyifvpNKWCA,2005-08-27,oZTY0jKU-CFc3Ek4PjSKKA,5,gZ-CewXerXlytUGV-4nFRA
388419,QJR4qBUHegWEozSQrGmBPw,2005-08-29,OpCk77_hBuQJa2ucZ6miuA,4,gZ-CewXerXlytUGV-4nFRA
388420,Kn23LDd740SBVJ7mum0fwg,2005-08-28,fp63hJ2hbNXAO79zh-POlw,4,gZ-CewXerXlytUGV-4nFRA
388423,d4qwVw4PcN-_2mK2o1Ro1g,2005-08-27,DhZYrvefw4wW-gOaaQqOig,4,gZ-CewXerXlytUGV-4nFRA
388424,xiAiahsdBfTxYCFfvZmMfQ,2005-09-02,EiKvC_E4Fskn8rVDRFN98w,4,gZ-CewXerXlytUGV-4nFRA
388425,LtXy1VinKWfuLFslVarKRw,2005-08-28,B-7tPp3suK0YbrML9rS61g,4,gZ-CewXerXlytUGV-4nFRA
388426,rcaPajgKOJC2vo_l3xa42A,2005-08-27,vsWf20ANM5s3QLCAJ-tdJA,5,gZ-CewXerXlytUGV-4nFRA
388427,KskYqH1Bi7Z_61pH6Om8pg,2005-09-02,kp5pr_3so8h0EJbJFj77nQ,5,gZ-CewXerXlytUGV-4nFRA
506164,pSQFynH1VxkfSmehRXlZWw,2005-04-08,Xb80if20vcCikbFqXJqjOg,5,msBFTEQdSkj_Vc_VjXkTiw
517014,3h5jLa-kbHg0cL7v9En0Lg,2005-11-18,mquei3Of1IK80nE4ZLo9eg,1,_BHTC7nyCBoZcfiiD5cOXg
517015,TCWMgOiV0PxQkWE1SyBIWQ,2005-11-18,F0ZMF1Leab5kti5qdjVRBQ,3,_BHTC7nyCBoZcfiiD5cOXg
517022,mGjyaCZUVvFhO8nolbDdnQ,2005-12-07,pfH1kF3JU0zQr6JBhRdsFQ,5,_BHTC7nyCBoZcfiiD5cOXg
517025,Lau3N654yNyWdIIybea1uA,2005-11-19,si5M8cyRK21PMXCnodcHlg,4,_BHTC7nyCBoZcfiiD5cOXg
517028,eS29S_06lvsDW04wVrIVxg,2005-07-12,OybsTOFlklnoFl8ZwRa_AQ,5,_BHTC7nyCBoZcfiiD5cOXg
517030,5z1WIr7E9P2CSzyN5seeSA,2005-11-18,FQz7WOocp2yfOonD9zFODA,5,_BHTC7nyCBoZcfiiD5cOXg
517031,fTtkz2RhWNAp6jKiIzXf_A,2005-11-25,Vpn_jUfgrEbF6u1i2jfCXA,5,_BHTC7nyCBoZcfiiD5cOXg
517032,bvow46stEejfxnnqEKTAyQ,2005-10-21,zjAzh7aCVJ6yIXGfk2Ei7w,5,_BHTC7nyCBoZcfiiD5cOXg
517033,j2bx_ctb_ED3zbfSaqhQmQ,2005-09-19,dNrD1LqIe9CqROpjt63KzQ,4,_BHTC7nyCBoZcfiiD5cOXg
517034,pmoIMK8zGWvKsVOPDBYfzg,2005-07-12,cUFJE_U6s6q9_tjDw3nTmA,5,_BHTC7nyCBoZcfiiD5cOXg
517035,EUWBT5GDxPC95w9itZ1EHw,2005-11-25,ZohmOp-Yq5WrCsuOvHfZEg,3,_BHTC7nyCBoZcfiiD5cOXg
517038,El4FC8jcawUVgw_0EIcbaQ,2005-11-19,HIgxohsagMPxrbotBsPmwg,5,_BHTC7nyCBoZcfiiD5cOXg
517040,ZjdcfPbkBVtMnXm8jLSV_A,2005-11-25,lAjajgjQd_uFEBqMVy9kxA,4,_BHTC7nyCBoZcfiiD5cOXg
517042,cJWbbvGmyhFiBpG_5hf5LA,2005-11-18,a1HVWVoD9W_6_hNCtGUKKw,5,_BHTC7nyCBoZcfiiD5cOXg
517043,fskIA-YRflPnwHWL7Q8bLg,2005-08-20,CpnwrbnZbGI5nCKRfJvRbQ,4,_BHTC7nyCBoZcfiiD5cOXg
597190,pSQFynH1VxkfSmehRXlZWw,2005-03-08,NB4E9LQKJxo0SPnWV6taCQ,5,7VjGynQ1oCHZlytlm23Tgg
597191,cI7k9zqs_pl3byUDE4cpdA,2005-04-08,Z76gsHaX5Ld5SXOwu9NSAA,4,7VjGynQ1oCHZlytlm23Tgg
597194,BVYvfJiVcQTl9B311z518w,2005-04-15,Nq6IDrsjcwAZTB0SPp7K9A,5,7VjGynQ1oCHZlytlm23Tgg
597195,MqYYYNA-ZYvV-1w5qcmMoA,2005-03-09,dDr-sU4GsDqsZc8ehSjvyA,5,7VjGynQ1oCHZlytlm23Tgg
597196,50NTSGbZ3pN5643_K1IReA,2005-05-17,yrySUMtAqwKUQ6eqLWX5PA,4,7VjGynQ1oCHZlytlm23Tgg
655051,MVIthKWqwkQz0dai7LkVzQ,2005-06-25,klkpHtPlQOYuW0Rhin4Qrw,4,XHuNSjrPA3Vyi7n4iVhZaQ
655056,orrrhqRRUORIzUSxWTveKg,2005-06-25,tVGDbOCSpL8S27UCQnzGCw,4,XHuNSjrPA3Vyi7n4iVhZaQ
672204,XXW_OFaYQkkGOGniujZFHg,2005-12-06,pfDQIIx5swLoAzBaO9H0dA,5,M4CiAGc2PePKMoAaMDfevw
674989,Y40U2KXA3v-N_h-9F8Y_aQ,2005-10-27,nWv2n08hg8WD-0OAxMw8cw,3,NN5jldDW0Puf8E3ZZjKqsg
696128,bF8gv7k_rwZtiDLP2ZB04w,2005-07-10,ttYo0XWaYL_S5kTMzWegWw,5,7e4CioqxGMByqh0lJP5FZg
696150,eDlgbI0Qg_mmI-Osvci0gw,2005-07-10,k7oCOPrtQ-2UcU2JP-cR-Q,3,7e4CioqxGMByqh0lJP5FZg
696152,QlJztL2aGEXgejgi5JM9Xg,2005-07-11,u2VmysbPweT-uIfHFu_byA,3,7e4CioqxGMByqh0lJP5FZg
696154,67zCgILB2h6JoSvFabVe7g,2005-07-10,4BBiWT2W-Wzp6k1s11HNsQ,5,7e4CioqxGMByqh0lJP5FZg
714484,rcaPajgKOJC2vo_l3xa42A,2005-12-22,pA6Xr7Ud1R-o_l740h6Nlg,4,ePB3pBx7eE6ozJ3QHRTxtw
785727,FqXwm6UpihHY7Ha-pr4y6Q,2005-10-28,OnkinWUB1DZgTzLyyBwz7g,4,kGf5g7l8eeEUqMwjGeMGsA
816895,cenEs8pZINlsu1fSpzHizQ,2005-11-07,siZkBtASg5sgXUPB18Li2w,3,lV0TGQufw-draFAWiawdSQ
816898,Wcw-xq_c89e4AaRsUtkaLw,2005-12-01,1e4H3cgInWIbVr7v4oSf-A,3,lV0TGQufw-draFAWiawdSQ
816899,lk9FXwKCOxIvXAWF8zr_Zg,2005-12-01,CVrDsD43M6XpeW0t6bKmmA,4,lV0TGQufw-draFAWiawdSQ
816901,BF4RaOWyjLDa9OvriKc1sA,2005-10-31,AWq_viT-jeGoLuK9-oKqkA,4,lV0TGQufw-draFAWiawdSQ
816905,2hGAmn6CJKT-Q1deaEBtGw,2005-11-11,t26_EzcvwrJjE1syzCN6Vg,4,lV0TGQufw-draFAWiawdSQ
816907,NYf9TKBKPpa1wkA_uwIlfg,2005-11-02,zLTaJT_w6e_NLtYZPCex5A,4,lV0TGQufw-draFAWiawdSQ
816912,yLH9mFFwOlzFB_fYKpSyLw,2005-11-02,Rc-6_WlHFXHOnF13iP2BWQ,4,lV0TGQufw-draFAWiawdSQ
816916,VgGO13Fx7dQj4zg3IuVDLw,2005-10-17,nrfd1dRSofjY9bG0tlLqyw,4,lV0TGQufw-draFAWiawdSQ
816920,VGKq16vCdPPHMoryy6XTHg,2005-11-02,MjODtNdS1ZRskKS6CWbegQ,3,lV0TGQufw-draFAWiawdSQ
816924,XnFPzFiLZ8wKWZsmzGjvCQ,2005-09-20,T1rtpkCZPi6GpwS5tFahMw,4,lV0TGQufw-draFAWiawdSQ
816929,-rLP6lfoQmOO_5Pf2bTkqg,2005-09-19,mHsJ5rkoSbY0W1bpuy9s7A,5,lV0TGQufw-draFAWiawdSQ
816933,AfoBKJuGBJvQhc3By4K9Dg,2005-09-19,LFTVAZQ7jOQbF07x1bGpdA,5,lV0TGQufw-draFAWiawdSQ
816934,ewEDv_q-K0fV0FepkHB8sA,2005-09-20,p8YN4v8OTnImtJ9zjM2Haw,5,lV0TGQufw-draFAWiawdSQ
816939,xkdgCrkgfbI80Htst6-Lbw,2005-10-12,QH4IKTJe6g8KZWfZ20bknA,4,lV0TGQufw-draFAWiawdSQ
816940,EgtyW19V-64c6PmRuvzSEA,2005-11-14,EzrlltR51e7Bm_ORzJTjlw,3,lV0TGQufw-draFAWiawdSQ
945676,YeCZ17qKPRHg_UUBoZ8CEQ,2005-10-07,45g08jWtwYHBrjuHZepjfA,2,X4KP6ZK0ST-jF46KpAhxzg
945678,LtXy1VinKWfuLFslVarKRw,2005-10-07,vKvYGMTtyJXLkP7V081tLw,4,X4KP6ZK0ST-jF46KpAhxzg
76419,XZbuPXdyA0ZtTu3AzqtQhg,2005-06-07,LKvxFQ9FsrilhCSEoW2tuA,5,qxC3xdg8UUKdNK9cisEmAg
111417,ECOkEVUodMLUxvI0PMI4gQ,2005-12-29,nldTGCDP8PF8ix0lO0K7OA,4,DrTmpnMmhxDs2wV7i8PyOg
111418,Uk0_hruW6Ai5Tb47zo7IIQ,2005-12-29,PtV3gv9UnGnLF11UpWIMdw,3,DrTmpnMmhxDs2wV7i8PyOg
111420,Cr4ipI-tr-R8Q0NilkWNkA,2005-12-29,xV3SXJvVuQKaJ9ZxDBSAGg,4,DrTmpnMmhxDs2wV7i8PyOg
125999,LpJvitnw7vU5UW-3KE9kjA,2005-11-22,sTwV9fdLtG6_u0UzZ60PHg,5,BSad_A8gpQ0_D-wrabpMLQ
126003,OHFH6ALQqq35NiEbD1eXuw,2005-10-12,j0lYkNqWfcq9rh7Ph3smwQ,5,BSad_A8gpQ0_D-wrabpMLQ
126010,Cr4ipI-tr-R8Q0NilkWNkA,2005-06-21,_TyRGM1dv1h_R9cTJhqjKg,5,BSad_A8gpQ0_D-wrabpMLQ
360647,Cni2l-VKG_pdospJ6xliXQ,2005-05-23,sUMQ8tdyoNIBt0N0kSairw,4,B4cJvWuf59j7XlTdexnVZw
365658,vvc7L68Mu3Fa4OnZ8rviFA,2005-05-09,AEi1DBXJfsHllpkRFarS5w,1,7NqIr1o_3ri5YpACRH_Mug
390297,gV63aLTQ06Nff0GzJ0tcUA,2005-12-09,60xkWIHq4BodwFEnFy9tSg,5,uRHMy4A1-l0iZ5iObW-9Pg
478946,AfoBKJuGBJvQhc3By4K9Dg,2005-03-04,8AIs-KQ8JmSv3QCNRCikTQ,4,ElAQK5tbY7GkmoJHMqhDtQ
521947,h9ELiqDfwNktCvLEu1DDNg,2005-12-04,AycoxrX2JktBajyW53mWOQ,5,JFjQ5RntPGhsNO2agAEYtg
549331,cGQKUOAZm_VHcQOJWbatog,2005-12-29,8MJhnlnuKSdsPFdMOCkS8g,4,KSh8A7sTMqSaz-9rSbwneA
549332,58oVEzvF6EnOmvVkXYFkTg,2005-12-29,h2DzjZ6S6I0LV3chCorBcQ,5,KSh8A7sTMqSaz-9rSbwneA
549333,pRfIJ6zurjEsWmJheDOP6A,2005-12-31,-oPCKxHYcy9DR3d7wYIq4w,5,KSh8A7sTMqSaz-9rSbwneA
549334,juu7S1nP5eirbeJ8-rfguw,2005-12-29,EHWnakIJNUphrMcqG3UvKA,5,KSh8A7sTMqSaz-9rSbwneA
549335,gn8cZOxQIZNUeiHcJ0WxMQ,2005-12-29,pKo4GgYfY9adtc0jZfPHPQ,3,KSh8A7sTMqSaz-9rSbwneA
701111,zERyZLsAyB47bMZlfUV-SQ,2005-05-26,Lpp0YNWPsLT_KZthIiiREQ,4,Lm0fu69svp2VsZY-_qKaCg
701112,C37hwsGUHn_3-il0ypeY-Q,2005-04-13,7V3RX-SPaYFt5aytErDK0g,4,Lm0fu69svp2VsZY-_qKaCg
732313,_4Gpn_NIM94D9OFucgfaJQ,2005-05-02,jmmRHXf1SDoRBZe9Hfn-Cg,5,VL8apbjr8DO12StXwWhUNQ
738608,XXW_OFaYQkkGOGniujZFHg,2005-08-04,QDl9Z_DrHjeqPtIQhizaQA,5,gjZp61JZaqcLrKjEDVSPIQ
738612,rZUK25ho_Wmgv5tRAs7LMA,2005-05-23,hBfA0kbJQ6BTJWWBRFBf8A,3,gjZp61JZaqcLrKjEDVSPIQ
738614,J9f-9Prw2YVM-fiZqv2fmQ,2005-05-31,COKi3CYcuMxHOsbXkY2ezg,5,gjZp61JZaqcLrKjEDVSPIQ
843671,aKiE0aZ6vGyOlH-uVOHONw,2005-03-20,E0uHBR-IhJ7VHE3816e7Iw,4,lrMmvkfLbx2YZkiJwNs4ow
843674,0FrYsoVHheQGoXEQsH2d2Q,2005-03-20,B728M_WdtK3VwIPrImZYtQ,4,lrMmvkfLbx2YZkiJwNs4ow
889686,I6EDDi4-Eq_XlFghcDCUhw,2005-11-14,RGGnPrwZxPCJp56LrKgMKw,5,quQ657_JzIKLeIYFeA-mwQ
946457,BjH8Xepc10i6OhCDQdX6og,2005-04-28,9P9aP_laBPpHWbdY9ZZYyA,4,nzsv-p1O8gCfP3XijfQrIw
946535,fWEfX14W2_7GDOJBSQQU9Q,2005-05-24,o_zgupDfciB0hwkIkwpdmw,4,nzsv-p1O8gCfP3XijfQrIw
946727,-httBl6DSZiUtDX4SQWtag,2005-05-26,eEVwbrKmzcsKywSFdfn3AQ,5,nzsv-p1O8gCfP3XijfQrIw
39418,LkMtMHVetws5_7QfRjPtlg,2005-11-17,dlDyc9CdB2QKzwH7jVwKuQ,4,eZbcmXsKnruoFmUdsMi8gg
205928,8Do8TCvBlRLxCIoBYoL4rw,2005-04-20,izgQ38G0H1MrTUG8O75PVw,3,cT0xyr130ZUpEcj8L7Hjxw
205929,cenEs8pZINlsu1fSpzHizQ,2005-04-19,yADhDWuSEKipvbr2RyL9WQ,3,cT0xyr130ZUpEcj8L7Hjxw
205930,gH_S9fJ2AeHUDD9pcNEU6A,2005-04-07,0s7Zn4XeqtfOwHJBweNWTg,1,cT0xyr130ZUpEcj8L7Hjxw
205936,Amo5UhXRFce_fegUnFEnMA,2005-04-10,FXMPgc8uC4vq2X9CNfYpCQ,3,cT0xyr130ZUpEcj8L7Hjxw
205937,3RetxRZoakYWEMql5VmmJA,2005-04-25,0fugzxkRHWuAyrN2UcoAGg,4,cT0xyr130ZUpEcj8L7Hjxw
205939,cFxGP_IC4REtJspMNQ3vLg,2005-05-17,n-eYeIpSTiKhoDeubO1mmA,4,cT0xyr130ZUpEcj8L7Hjxw
205941,ues2rFe_hbRC7s232PX5QA,2005-03-12,nCqePFVx2sLfj8R37nx05A,4,cT0xyr130ZUpEcj8L7Hjxw
205943,h9ELiqDfwNktCvLEu1DDNg,2005-03-18,DEi8c9uSIzaEZWRl1YK7_A,3,cT0xyr130ZUpEcj8L7Hjxw
205944,5uMfIYovqfgk41abdfFegw,2005-03-10,yobihE_NImkwkDFBIpWgGQ,3,cT0xyr130ZUpEcj8L7Hjxw
205945,Z8SXv1u_6rKicQy9P7G6fw,2005-03-10,PhCDcT0pCHyExCObNMXxSg,5,cT0xyr130ZUpEcj8L7Hjxw
205947,uTGV1_Bu-B26_RoHAMi2BQ,2005-03-12,tsWTfQkA_vP7VVF0CR-5QA,3,cT0xyr130ZUpEcj8L7Hjxw
205948,uoUa8ugZLrly0bA268IqEg,2005-03-12,tpAT6uogrzWT-zE4iJGpxQ,5,cT0xyr130ZUpEcj8L7Hjxw
205949,Vbkb2shDxUE8H3PzrFnypA,2005-04-19,3a7p59I2MbDjLp--PHZmmQ,4,cT0xyr130ZUpEcj8L7Hjxw
205952,C37hwsGUHn_3-il0ypeY-Q,2005-03-12,zCayKrw5KiukRSPXY2oeKw,4,cT0xyr130ZUpEcj8L7Hjxw
205953,Wc1TtSuRgHXW8CLR7Rs7TA,2005-03-14,n1M2D8ry7x9EEVYfoimhaQ,3,cT0xyr130ZUpEcj8L7Hjxw
276341,-FNquqGseSCVMWo7KbK-Tg,2005-11-03,8Q_cnwb_5pMsCcUqqutauw,5,hlrv5tQ2jR3ICoZH5qlHpw
276342,dusNIzdCaH6EoLl2hRy6cQ,2005-11-03,nelhOs1h8H232nsF8MXycg,1,hlrv5tQ2jR3ICoZH5qlHpw
276343,r-jaMF7dyyaiOXlcmQJRdQ,2005-09-23,bztz05-Nkc8nY0XmFMRX5w,4,hlrv5tQ2jR3ICoZH5qlHpw
276344,UVVjnJ67fm9EbNPFK5ZgRQ,2005-09-09,1MenoU2gq7mRxyvVfARaWQ,2,hlrv5tQ2jR3ICoZH5qlHpw
276345,Wfl_ch21ojyHsPnkvvnstw,2005-11-03,GTXqt9sK5SUrzVuqH5UqXw,5,hlrv5tQ2jR3ICoZH5qlHpw
276346,1Df5WnLX3DqN6ymlhqznaQ,2005-11-03,WG8lyNzRba5h_TLKbRSdDQ,5,hlrv5tQ2jR3ICoZH5qlHpw
375083,w12x7UBSSRsdbp3ZqguG3Q,2005-04-28,IgkDYXTO6XP7VGi6xIOJbw,5,NkVYcoaThHjOfTTgq6OdHQ
375091,Uk0_hruW6Ai5Tb47zo7IIQ,2005-05-04,G2rkJY33LKtN-vZQajkBcg,5,NkVYcoaThHjOfTTgq6OdHQ
457567,925GiWzJ_cxQaUT870xW7A,2005-11-07,wFSIsLDEkl86s_5K08POig,5,56vERWd2VPTfjytCQlSc6g
457569,kUTusjnUPVZUgUJc2GuWuA,2005-10-07,9ps0DElBdC-seg4X7jYPHw,3,56vERWd2VPTfjytCQlSc6g
457570,mSNCAnv5-W40MoH8VL_VYQ,2005-10-05,zVveekUR4zKUuKE67z_j7Q,5,56vERWd2VPTfjytCQlSc6g
457574,coAdjIJ7Xomwq7sfHFzxKQ,2005-10-07,o9lSDoDvBV_Acj_PDa3Gog,3,56vERWd2VPTfjytCQlSc6g
624990,--9e1ONYQuAa-CB_Rrw7Tw,2005-04-27,lgpSS6UsKYIvnQaw8JwHlQ,5,G5LXEaxhQMF_BVjNHkVr7g
624999,gUR2pWQKLPgMEm_R_aI_aw,2005-08-08,8Z9KwCYHYB16HI7FbFRngg,5,G5LXEaxhQMF_BVjNHkVr7g
625007,6xgcHeLad-VaoTIQewK84A,2005-04-27,VgBxQqaDgOHq9YRxtMUm3A,5,G5LXEaxhQMF_BVjNHkVr7g
649495,ppXIA5UKdFV8sLWQLf-zUQ,2005-12-17,GrDVJjpK72Q1w9NVVF2hcQ,3,OQM4_n_VqnDfB3KwXnNvhA
649523,CZ1NjI_Kyg_V3ol3se2fQg,2005-11-30,7EP7oqmbnpgd6l9GDKpCng,4,VnlUnPrfae-fbqDoXuvDbw
649524,BKLWat64KRYzsT2DgY6Xxg,2005-10-20,XhzJPqGYDfYzSgTOhHIdFA,5,VnlUnPrfae-fbqDoXuvDbw
649525,JCdEeoMxmY-kBgIrjbvwRw,2005-11-29,htajUdaefuQjR7Xh05-dJg,3,VnlUnPrfae-fbqDoXuvDbw
649527,MyjsATJw0mx5bH79vvdSGg,2005-12-14,WDvpKlEkWvzKgt4-NzAELg,4,VnlUnPrfae-fbqDoXuvDbw
649529,kf5vUoZTGedgydqce2e08g,2005-11-29,o9HFVaTkFzkj-TCe2GaaEg,4,VnlUnPrfae-fbqDoXuvDbw
649530,Vc8sXKEdO9yVxbRlwBFHKQ,2005-12-21,kuj-vqEOHOwUjswReZFjMQ,3,VnlUnPrfae-fbqDoXuvDbw
649532,ccoflrCjKB_D06Cc3vC6Ng,2005-11-16,sdRargDivhx-pkRoGQLlkA,4,VnlUnPrfae-fbqDoXuvDbw
649533,ORBAhrzLIjIsDtbpl7BjeA,2005-12-26,6FDZlYfp8LDLYD-d-6iC_Q,3,VnlUnPrfae-fbqDoXuvDbw
649534,bj5EBFlfWOOPb-uooc-D1A,2005-11-23,YucZCah-EoVZMtuiXQz20w,4,VnlUnPrfae-fbqDoXuvDbw
649535,o13eH93qmWVNFZogkjhd9w,2005-10-20,NsurS7rLvA9X3CFrtNoDpQ,5,VnlUnPrfae-fbqDoXuvDbw
649539,gn3QZOWJqICxnSNdyM54hw,2005-11-29,BclQLeF-geeAYb5Re98thA,4,VnlUnPrfae-fbqDoXuvDbw
649541,9JUynLfWPwe1X9gsJS6FTA,2005-11-08,14OprqIWjTb2bLnmjN7MBQ,4,VnlUnPrfae-fbqDoXuvDbw
649542,wXa-iTWCu_2-gADvksvXTQ,2005-11-16,9BikqEa-3nFCwQ1snDSpKA,4,VnlUnPrfae-fbqDoXuvDbw
649543,CF2abR1isMzLfRPzjTvIkg,2005-11-16,ptSO0Ay_UdE6oq2GnLrxpw,4,VnlUnPrfae-fbqDoXuvDbw
649546,MjAuGkgPjNLyMrN74_0YbA,2005-12-15,Q4I9hM3TZ_YOiZ3srJGmeg,4,VnlUnPrfae-fbqDoXuvDbw
649549,DPJMGfVPeSMBjAVKKKxiKw,2005-11-29,oqRgleuq4a8yss5LEoEVJg,4,VnlUnPrfae-fbqDoXuvDbw
649551,LWk7Q5CTjpK-k_TfXdbApQ,2005-11-21,B33KEetBrqpnJbQZetY3sQ,4,VnlUnPrfae-fbqDoXuvDbw
649552,clmjilkPbjl3B5qRSHB1rQ,2005-11-29,7ZModbt0gE3PZi3fwzxF4g,5,VnlUnPrfae-fbqDoXuvDbw
649553,wOKcWLyN1DhSEl3Y1eG5nQ,2005-11-16,9DL7-MkJV9CgoAfNbsz2lQ,4,VnlUnPrfae-fbqDoXuvDbw
649554,NnOAwa0A2tNPnZl9IHVLPQ,2005-11-23,A3hgRcpUbgRvT_EjBN5fuw,4,VnlUnPrfae-fbqDoXuvDbw
649555,Z1mLBp6BMlHSQUh364vk1g,2005-11-29,RtzOzEK-tbbPIbR2ac7XRQ,5,VnlUnPrfae-fbqDoXuvDbw
649556,xdGCcG3CZFkEzTBMxSi5RQ,2005-10-28,FKvJA_OHy7SY8ECXyUyUsA,5,VnlUnPrfae-fbqDoXuvDbw
649559,-Eu04UHRqmGGyvYRDY8-tg,2005-11-08,CkOmXs-KYcv3lPCYJYPIvg,5,VnlUnPrfae-fbqDoXuvDbw
649560,lWmDrnqgU6w3gFaJyn_1Uw,2005-10-20,NYB8KO7aS-rzxgxl5Kkp7w,5,VnlUnPrfae-fbqDoXuvDbw
649561,mIl2E5qSPveA6Bl9aXAMjw,2005-12-14,9x9DLfO987Z3GfFyVoQdug,4,VnlUnPrfae-fbqDoXuvDbw
649563,t0HT9od2xZ0Fc5a0PFB2BQ,2005-10-20,dmnwbJ_bqA_m9QAieykXYA,4,VnlUnPrfae-fbqDoXuvDbw
649564,IzEHkReZTds6ipOaCq2G6g,2005-11-27,nq6t85S6Obxbbe2syWPRgw,4,VnlUnPrfae-fbqDoXuvDbw
649565,rmHPZk6jT7NlfJU457oHwg,2005-10-20,c8XCBrVpDwZBZ2jAggt7mw,4,VnlUnPrfae-fbqDoXuvDbw
649567,dEKnEqm6Q44copoadiT8Iw,2005-10-20,SI9BDt_MGJQkHvWu5V_GWQ,3,VnlUnPrfae-fbqDoXuvDbw
649570,gUR2pWQKLPgMEm_R_aI_aw,2005-10-28,MlPIZe2o-vxfU4pUukk5YQ,5,VnlUnPrfae-fbqDoXuvDbw
649571,Ell98LV4Yuc0DqZwGE8gWQ,2005-10-20,ob-S1yeFJj3wvYgCNJcRmw,4,VnlUnPrfae-fbqDoXuvDbw
649574,bx3JxOE_pfO2cWr3MkBIng,2005-12-12,c7D98WOcJMDK2lKEY-Ud4A,4,VnlUnPrfae-fbqDoXuvDbw
649576,EjBZKPyq_G9WMO01N8DnDw,2005-12-08,v7JTG70_8BZJZEwzBHPoVA,3,VnlUnPrfae-fbqDoXuvDbw
649577,PjOobIUE5onVqU_t7gskrQ,2005-10-20,wX7Srvz6jsTh4-RCQ6rTVw,2,VnlUnPrfae-fbqDoXuvDbw
649578,eGt0GhiFS0FPJNRGJkp0fw,2005-12-22,nH8hED18wsxWurL0cleebA,4,VnlUnPrfae-fbqDoXuvDbw
649579,AtLv64FV-Pw6JuT3XUKU1g,2005-10-20,EW3SBnC0B4WNKOvxZHONmA,5,VnlUnPrfae-fbqDoXuvDbw
649580,MrHHbdw4j0R2aTUkmgQTGQ,2005-11-23,tzjK9uoTkhPeE2hi5_jOIQ,5,VnlUnPrfae-fbqDoXuvDbw
649583,mklo4H47YWK7f18YXTCEoA,2005-10-20,or6IeWvsVYxk-p-sZyNLoA,5,VnlUnPrfae-fbqDoXuvDbw
649584,Lox6-6gfbRXgc4VMMwPb7g,2005-11-29,FwzDiYc-xEyKIOh6mSX8pg,4,VnlUnPrfae-fbqDoXuvDbw
649585,4vppsPkagqh2FjEWMor3Ug,2005-11-29,X_2jMn64ybcZ5fzk-VfLFA,2,VnlUnPrfae-fbqDoXuvDbw
649588,oWQwUw8xfQgi1nVNKgS6vA,2005-10-20,ATo-nfLBc-2AgufD1QoXLQ,4,VnlUnPrfae-fbqDoXuvDbw
649589,gEPH0lm8IJcC8dkkwHJ7fA,2005-10-20,l8tWv3BtualuxGOKWMfeCw,4,VnlUnPrfae-fbqDoXuvDbw
649590,u8C8pRvaHXg3PgDrsUHJHQ,2005-10-20,dLIp_F6IDMg-4HH9JrDe3g,4,VnlUnPrfae-fbqDoXuvDbw
649592,UITomlnpbixMcYNXsVV9Rg,2005-10-20,EL5Qu2CdseXpo7bjuuyXRQ,4,VnlUnPrfae-fbqDoXuvDbw
649593,pW-fOxuaWBkIhum5NANx2w,2005-12-28,ZkfxZR-QL6hAaOu46ifqag,2,VnlUnPrfae-fbqDoXuvDbw
649594,mbk0WvEjeVXUEckUq5D1BQ,2005-12-22,h-7M-Y8TK3N2XP5y4Nb0Sg,4,VnlUnPrfae-fbqDoXuvDbw
649595,7U7uLS9YjjhBM1SoyNH30w,2005-10-20,BXEOfYoBkw0mVIbscIB5qA,3,VnlUnPrfae-fbqDoXuvDbw
649596,QgrxN-PyUWaIab41-RrTwg,2005-11-29,dapmlfW7pGJK73YxJSc0Ow,4,VnlUnPrfae-fbqDoXuvDbw
649597,zgAh21YWYaZUSEGi_E5SVg,2005-12-14,i0rxp-utVXRXkfE9kcJjSQ,2,VnlUnPrfae-fbqDoXuvDbw
649598,dIZcPB3CtNjMn4O_p8QFxw,2005-10-20,AofDbAbssMbJuVIOdrWnoA,4,VnlUnPrfae-fbqDoXuvDbw
649599,PD2MAlYYi9HCqPH7IBKwTg,2005-10-20,YlcsWfARvtxQm9VHBZw5Yg,4,VnlUnPrfae-fbqDoXuvDbw
649601,yMvL7FUJSXNRUDpQTfT_3Q,2005-11-16,NBN3dgIjuPOMUMjsUrDF8g,4,VnlUnPrfae-fbqDoXuvDbw
649602,CYkgvNjYE0uQpXzcgGLUlg,2005-11-23,NBJGCKePZekrVv6jhyZwMw,4,VnlUnPrfae-fbqDoXuvDbw
649607,Jzc4lKBUUNo_DD-9aQJsbQ,2005-12-06,iva8lhFfy9rmcC-tZaCjJw,4,VnlUnPrfae-fbqDoXuvDbw
649608,zhwqX2uk3XF_fwtwLj397A,2005-11-29,JtKq00ToFJqt7oOjqVRkEg,4,VnlUnPrfae-fbqDoXuvDbw
649609,RUxGUjjeRfwHvBNbuxrasw,2005-12-08,7iF-6RIVvUfk_ibomp5Xig,5,VnlUnPrfae-fbqDoXuvDbw
649611,0grgvnq4GgoY-estWytUhg,2005-10-20,UPf5tdRgr65dzjOVrAbSnQ,5,VnlUnPrfae-fbqDoXuvDbw
649613,kyXEnWKQGWSThY6EcjORuw,2005-10-20,SUqeuXo_7LE638I_gPFZ2g,4,VnlUnPrfae-fbqDoXuvDbw
649616,meXjqyhTNLFmknY39y2sMg,2005-12-27,7SFAa4_YnYVtnwBe3h7PLA,4,VnlUnPrfae-fbqDoXuvDbw
649618,TegeuAoYBVgQRUBiDLU7Mw,2005-11-23,BKc_Kqv72_v0g4xFZdBnWA,3,VnlUnPrfae-fbqDoXuvDbw
649623,Vj-QgRXDpCm7vLBBSckx8g,2005-12-22,ZO0ujdloiEuqDHNNCdQNTQ,4,VnlUnPrfae-fbqDoXuvDbw
649624,HSHDulGXCD6yG1R-Doeofw,2005-11-23,XasLsg3bXPXqeKccHMIJzg,4,VnlUnPrfae-fbqDoXuvDbw
649625,W2RNay2mirTVPYO6rA_g2g,2005-12-14,ZZFYEaycqaKN_yNc3JD4iw,4,VnlUnPrfae-fbqDoXuvDbw
649626,TWrjQ4Ulr6NSwiGOaGzFrQ,2005-12-26,SC7um7UvHQrJbFs1SQT_1Q,3,VnlUnPrfae-fbqDoXuvDbw
649627,g0MQNtwxfUBisDA7hMuLEA,2005-11-30,nfm_vytRUra6CdsYuOdmcA,4,VnlUnPrfae-fbqDoXuvDbw
649628,FUr2uEolARu7rv2TQYKPqg,2005-10-20,5ZunYEJqxvuY7jayWSwwvA,5,VnlUnPrfae-fbqDoXuvDbw
649629,T4OTL7ZGe-UTrpWl3KwZOA,2005-12-08,se9o6SVimyd56m3ZGo29KQ,5,VnlUnPrfae-fbqDoXuvDbw
649630,QD61fmXTp476qfS0dpt2Lw,2005-10-20,AOtQ_IPVmi1r0cvkbO3jBQ,4,VnlUnPrfae-fbqDoXuvDbw
649631,i0ld5nTFMyGRlH1EZJNhvw,2005-11-29,LWooh6ZXEcJB-UVLW7wwsQ,4,VnlUnPrfae-fbqDoXuvDbw
649634,S57rr30za_KzIUGkFqg3mw,2005-11-29,YxZWK2DaxNCSlqSsXzMpJg,3,VnlUnPrfae-fbqDoXuvDbw
649635,qeJnMI5RmyJ2TZvkqvjn6Q,2005-10-20,TFxHakQVvafZpxaVbIAwwQ,5,VnlUnPrfae-fbqDoXuvDbw
649636,Lh-JAmxrTPmFoeBkRNXrZA,2005-11-27,ID_uNa0zZkE_u68oZkPreg,3,VnlUnPrfae-fbqDoXuvDbw
724600,uz77ng57t-sFnEjKbTAPrQ,2005-05-12,I11zT6U1lAI2qd8b5O2pvw,5,k4h5VRMWiKzWYPDW1gLj6A
770726,vn5f16PcHU-feucWgK7r1g,2005-09-16,huowshdRZBhpYV_7mCRM3Q,5,0Jr17UT50Bur1q7VmztVaQ
770728,Z8SXv1u_6rKicQy9P7G6fw,2005-09-16,NXhnSswmOBBAwII1UMzohg,5,0Jr17UT50Bur1q7VmztVaQ
770729,Iz8Mi3qXqRW2JMaLJTTlLQ,2005-09-16,7Jc1VVyFG6vXAw-g8ejNIQ,5,0Jr17UT50Bur1q7VmztVaQ
770731,uoUa8ugZLrly0bA268IqEg,2005-09-16,GF0t3MIQ97zwrgvPmVtmqw,4,0Jr17UT50Bur1q7VmztVaQ
801916,El4FC8jcawUVgw_0EIcbaQ,2005-11-11,HshIhF76Uea0-2ht_KUisw,5,UQFE3BT1rsIYrcDvu_XVow
829328,yIxP32hWfZm5gyYUUh2WBA,2005-11-01,8hH2pz89IJ4CFfehb3DkSw,3,4Xi2i_i1RzKkoJ41_1JHig
829329,xkVMIk_Vqh17f48ZQ_6b0w,2005-08-24,EE2B3PasYog3G1IaGOUQSA,4,4Xi2i_i1RzKkoJ41_1JHig
840132,gyDTYm_NDWXEHBPGnL-oRQ,2005-11-21,NWJFLGECp6cM5hnWAHKe-w,2,HLaSqQMDVvlcFPGJL_kGCA
840133,v3AS5LGeV2Si4nOHZ7lgxQ,2005-03-11,DzT7nFUWIJMEvLLdosKOgw,5,HLaSqQMDVvlcFPGJL_kGCA
840135,RJNAeNA-209sctUO0dmwuA,2005-12-05,u1ZvXEuaRGNCFYv7wnPU4w,5,HLaSqQMDVvlcFPGJL_kGCA
840139,Wcw-xq_c89e4AaRsUtkaLw,2005-11-30,LU10yo-QjaSDBIE-nCD3Gg,3,HLaSqQMDVvlcFPGJL_kGCA
840141,dTtMrvC0UoDV-3-8diJYLw,2005-10-28,icfvjkiCk3to-JIlnxZk8w,4,HLaSqQMDVvlcFPGJL_kGCA
840145,EGgsujG0ycRAnMqMYvylUg,2005-04-26,l-uAaF1tuYLRiBsI7etG9Q,5,HLaSqQMDVvlcFPGJL_kGCA
840146,BF4RaOWyjLDa9OvriKc1sA,2005-11-01,J5-BAcP8Blwe0WSCp5Wkww,2,HLaSqQMDVvlcFPGJL_kGCA
840147,LZ_R2OLgZQSQMMzlp8uUOA,2005-03-04,YADzRq2fuu7Krlj6SfSFxA,4,HLaSqQMDVvlcFPGJL_kGCA
840148,IPUGrf2xuClfxfBIA020kw,2005-04-26,qlyuTY-qjL1G6Xm0eY7ZlQ,4,HLaSqQMDVvlcFPGJL_kGCA
840149,jDooRCbkYH74g5Tnw-SwrA,2005-09-14,npWYKQ2DtDfkEBneinT0rA,4,HLaSqQMDVvlcFPGJL_kGCA
840150,ITieHQ8UwKq74FnqTKnPOQ,2005-11-07,Ns4x0Lgu5q7SJniCq_rrAQ,4,HLaSqQMDVvlcFPGJL_kGCA
840159,Ev142kLmV_ASI9iAl-KfKA,2005-11-14,8j5UadrCyR9A7a14O9NKEQ,3,HLaSqQMDVvlcFPGJL_kGCA
840160,2hGAmn6CJKT-Q1deaEBtGw,2005-03-14,bocHa8b_eqG6kUh8Nq3gVA,3,HLaSqQMDVvlcFPGJL_kGCA
840166,NYf9TKBKPpa1wkA_uwIlfg,2005-04-14,q3fKmmys9J6gKm9PxTMaDw,4,HLaSqQMDVvlcFPGJL_kGCA
840170,yLH9mFFwOlzFB_fYKpSyLw,2005-11-01,qRNEh836p8g6IbDJB6lYyw,3,HLaSqQMDVvlcFPGJL_kGCA
840173,SASbVGVSRMmp2yBdpYpk3Q,2005-11-18,6NKdvZnJ-bf9CWob0q801A,4,HLaSqQMDVvlcFPGJL_kGCA
840175,I6iOdOeu3MxxuG6gIhzodQ,2005-11-01,mIh-NawWZKqxqePRVexqRw,3,HLaSqQMDVvlcFPGJL_kGCA
840179,Ol4QM1QI5GlK36t2sGC7KA,2005-06-27,spfTmvsNTiV7OF2lX5UiGw,3,HLaSqQMDVvlcFPGJL_kGCA
840182,HO2knNxcc_8lFtgGxN8q2A,2005-11-03,KWkapy9DBiFvn_oB-glNRw,2,HLaSqQMDVvlcFPGJL_kGCA
840183,U3mvuGaaqKlfit6mfMwjTA,2005-12-20,f0ZBgXkkWkBsi5rBcGblhA,4,HLaSqQMDVvlcFPGJL_kGCA
840186,fcQDwASYxBGQHiMIJadw-Q,2005-12-09,ub3aswQPaLGG5R88IImoSQ,3,HLaSqQMDVvlcFPGJL_kGCA
840188,utQbhURq2LEPZX7XjmYB3g,2005-12-08,TpvC3JcneClxMMu65TPYhg,3,HLaSqQMDVvlcFPGJL_kGCA
840190,VGKq16vCdPPHMoryy6XTHg,2005-11-03,o6LF_pjCO3dJryWxRj_Xeg,3,HLaSqQMDVvlcFPGJL_kGCA
840192,VMPSdoBgJuyS9t_x_caTig,2005-03-03,39ukJIrbqD1Pk5V16B5weA,5,HLaSqQMDVvlcFPGJL_kGCA
840194,PLiVD2blqBDRzAAd1_RxxQ,2005-11-22,k2Y_0p9yEq2QxiX3SAr5Pg,4,HLaSqQMDVvlcFPGJL_kGCA
840198,Nc0xqiAmS2OTxPrlvQrJ4A,2005-04-29,x-h1sIC0D4WJFu9fYddDpw,5,HLaSqQMDVvlcFPGJL_kGCA
840199,GnODIDJz09LecpudDoynCg,2005-10-31,SgP7oF-btSrehDyJA0ZKKA,5,HLaSqQMDVvlcFPGJL_kGCA
840202,VDvcxFhe3NttPUzftJmHjw,2005-10-24,B8rRuDSzKbPnW3jBOwXdZg,3,HLaSqQMDVvlcFPGJL_kGCA
840203,Iz8Mi3qXqRW2JMaLJTTlLQ,2005-07-05,t0OnhHpw8-I9h7pGADgHTg,5,HLaSqQMDVvlcFPGJL_kGCA
840204,-rLP6lfoQmOO_5Pf2bTkqg,2005-04-14,f1HDpkht0GQ5xevSiNa7sw,4,HLaSqQMDVvlcFPGJL_kGCA
840205,h9ELiqDfwNktCvLEu1DDNg,2005-03-14,TFMfPAGuVPefTWG7rtZctQ,3,HLaSqQMDVvlcFPGJL_kGCA
840206,i60v66vwf1A13YqcIqGD_A,2005-11-14,BnBP2xQ_ovjngwr_MJiZDw,4,HLaSqQMDVvlcFPGJL_kGCA
840209,K6LwZagSz-cUrCcVemXrlA,2005-06-15,-b-Wat51yDz6PoLlFXHtwA,2,HLaSqQMDVvlcFPGJL_kGCA
840210,IXXERocY1bqGwRllcy8J2w,2005-03-03,c7eRXiLQrCLD9BeMUGQc8Q,5,HLaSqQMDVvlcFPGJL_kGCA
840211,zERyZLsAyB47bMZlfUV-SQ,2005-05-09,8t-nFGaC0ozeo_rlF18Dgw,4,HLaSqQMDVvlcFPGJL_kGCA
840212,ues2rFe_hbRC7s232PX5QA,2005-04-22,csisdyW9lLEE2vMZgAzCPQ,2,HLaSqQMDVvlcFPGJL_kGCA
840214,1GGLx6k4SgM-MykB5TTiJg,2005-08-08,u8-9a9bxldBAz0bMeRE-Kg,5,HLaSqQMDVvlcFPGJL_kGCA
840215,YxbldvyQGgGDTO9usRHe8w,2005-10-24,Fg1ZhF_2pHcRwgyq_6yUiQ,4,HLaSqQMDVvlcFPGJL_kGCA
840216,EKNm59ZMMRvb8N8Cm5F8Qw,2005-04-22,3kK5GowFmoVPQ4c1N25gkA,3,HLaSqQMDVvlcFPGJL_kGCA
840217,QwGV_v3s9eOMzfWrFLUf6A,2005-11-18,DgSr2kLLEUY4flmrt6d3PA,3,HLaSqQMDVvlcFPGJL_kGCA
840218,CUGPOzeBRz84cdIOGSXcLw,2005-10-28,fRZwch-tSdcb96VP-vB40w,3,HLaSqQMDVvlcFPGJL_kGCA
840219,cMybOpJd352Cb6y9SeVhPw,2005-03-25,2ucUY0nXjJDzjUjDjsn1Ww,4,HLaSqQMDVvlcFPGJL_kGCA
840220,ffUMyqLvDLcsed5p_7wy5A,2005-08-16,8zIYoxAYqz_iO_0_d9kvkA,4,HLaSqQMDVvlcFPGJL_kGCA
840224,AfoBKJuGBJvQhc3By4K9Dg,2005-05-03,VgPnYAOJdFF_vD0GaFUNag,5,HLaSqQMDVvlcFPGJL_kGCA
840229,ShGGqJ0ugPw9N4yL7QlO-Q,2005-04-04,XZKop2mZm4Uigvh4o-7low,4,HLaSqQMDVvlcFPGJL_kGCA
840235,1-wuGggkiX5rGS6e2qTP7Q,2005-04-27,B0QGBVCUm54vs_waVzcScA,4,HLaSqQMDVvlcFPGJL_kGCA
840237,LYpujMCxfrHcSO_NA1BRQg,2005-09-14,SeiaIq3CqO7BrKawUcjN4Q,3,HLaSqQMDVvlcFPGJL_kGCA
840242,xkdgCrkgfbI80Htst6-Lbw,2005-10-24,yU-PGeWu8MA-VUF2xSxd0w,4,HLaSqQMDVvlcFPGJL_kGCA
840243,zjwdU1OdlbKTGjm-IfD4TQ,2005-03-25,f3iUo9aSTp5pkpQFBTIMWw,3,HLaSqQMDVvlcFPGJL_kGCA
840245,xnY3_Tg5PjE_8n_bhwZu1Q,2005-03-03,A7zuhSlkOkTs1G6_hDniPg,4,HLaSqQMDVvlcFPGJL_kGCA
840247,KLJmSYpq81fy0gXri-tAAw,2005-04-14,GzPk6UK01I-u1JNAYkAetA,2,HLaSqQMDVvlcFPGJL_kGCA
840248,uoUa8ugZLrly0bA268IqEg,2005-05-31,F_f6x02waoKIEvXo1pt8VQ,5,HLaSqQMDVvlcFPGJL_kGCA
840250,ewEDv_q-K0fV0FepkHB8sA,2005-11-01,28v3y4otKBAjpexOlINPPQ,5,HLaSqQMDVvlcFPGJL_kGCA
840251,EgtyW19V-64c6PmRuvzSEA,2005-10-24,fJJLhbP1VqZ8iRM8jeUPnA,4,HLaSqQMDVvlcFPGJL_kGCA
840253,C37hwsGUHn_3-il0ypeY-Q,2005-03-03,mglmQCiUpAVVYHbO62d87g,3,HLaSqQMDVvlcFPGJL_kGCA
840254,Wc1TtSuRgHXW8CLR7Rs7TA,2005-10-24,AwoPseBKrw9zpFx2x5TMkg,4,HLaSqQMDVvlcFPGJL_kGCA
840257,49JTxfrT4BnROuk9_RIW6w,2005-10-03,CUQuV8XhnYebh5X4bRcjZQ,2,HLaSqQMDVvlcFPGJL_kGCA
871254,MqYYYNA-ZYvV-1w5qcmMoA,2005-12-08,q5PJIEz677Xd3g-uOOkPkw,5,T0gWkTHWRChVUe_Dn1F8nw
974508,moZpwq1hNxC-uJRpfupOTA,2005-11-22,HmudbD-xosZvMVKAIlf2vg,5,ExI15M-oXjHcF42-G1xv9w
974557,925GiWzJ_cxQaUT870xW7A,2005-11-11,H8HJqDRY3G_wYalVF-s3tw,5,ExI15M-oXjHcF42-G1xv9w
974564,-FLnsWAa4AGEW4NgE8Fqew,2005-11-11,wx6Cmn857DLHTlDgg3xb6A,4,ExI15M-oXjHcF42-G1xv9w
974566,mz48xdVWcCu463U3Lm7lhA,2005-11-11,Cz4li6ClW4d6MGfsmQqzAA,4,ExI15M-oXjHcF42-G1xv9w
974567,1d6c6Q2j2jwVzBfX_dLHlg,2005-11-11,Gnl80tLkxfOXetin3mXDCg,5,ExI15M-oXjHcF42-G1xv9w
974589,OtGSQQzV7uF8XPAsNIh7Bw,2005-11-11,o46eWNmV9Z8vVH0dSCiqeQ,5,ExI15M-oXjHcF42-G1xv9w
974602,j2bx_ctb_ED3zbfSaqhQmQ,2005-11-16,DSKZO_P5O-CdJGHuoAH_Jw,3,ExI15M-oXjHcF42-G1xv9w
974607,XvTBQotmJpVPjPNaMM7qLA,2005-11-11,9MYtortRYq6pMoYRdvW7Ug,1,ExI15M-oXjHcF42-G1xv9w
974656,aqONNC5onqX6EqHHUO1CJA,2005-11-16,eYkvGCFuY_h1KN13b2d5dA,3,ExI15M-oXjHcF42-G1xv9w
980163,pSQFynH1VxkfSmehRXlZWw,2005-12-15,74gxMzk2EMcf6OdOXNo7dA,5,1B_-iI2UXi0cPN35zLGPSg
980168,-A9sm-E6uQxWTJ_MuyOzFw,2005-12-15,wE3tq0E9it1BNk0pb_SHlQ,5,1B_-iI2UXi0cPN35zLGPSg
