,WikiPageName,Party,State,congress_number
0,John_Dingell,Democratic,Michigan,113
1,John_Conyers,Democratic,Michigan,113
2,Charles_Rangel,Democratic,New York,113
3,Bill_Young,Republican,Florida,113
4,Don_Young,Republican,Alaska,113
5,George_Miller_(California_politician),Democratic,California,113
6,Henry_Waxman,Democratic,California,113
7,Ed_Markey,Democratic,Massachusetts,113
8,Nick_Rahall,Democratic,West Virginia,113
9,Jim_Sensenbrenner,Republican,Wisconsin,113
10,Tom_Petri,Republican,Wisconsin,113
11,Ralph_Hall,Republican,Texas,113
12,Hal_Rogers,Republican,Kentucky,113
13,Chris_Smith_(New_Jersey_politician),Republican,New Jersey,113
14,Frank_Wolf_(politician),Republican,Virginia,113
15,Steny_Hoyer,Democratic,Maryland,113
16,Marcy_Kaptur,Democratic,Ohio,113
17,Sander_Levin,Democratic,Michigan,113
18,Joe_Barton,Republican,Texas,113
19,Howard_Coble,Republican,North Carolina,113
20,Pete_Visclosky,Democratic,Indiana,113
21,Peter_DeFazio,Democratic,Oregon,113
22,John_Lewis_(civil_rights_leader),Democratic,Georgia,113
23,Louise_Slaughter,Democratic,New York,113
24,Lamar_Smith,Republican,Texas,113
25,Fred_Upton,Republican,Michigan,113
26,Nancy_Pelosi,Democratic,California,113
27,Frank_Pallone,Democratic,New Jersey,113
28,Jimmy_Duncan_(politician),Republican,Tennessee,113
29,Eliot_Engel,Democratic,New York,113
30,Nita_Lowey,Democratic,New York,113
31,Jim_McDermott,Democratic,Washington,113
32,Richard_Neal,Democratic,Massachusetts,113
33,Dana_Rohrabacher,Republican,California,113
34,Ileana_Ros-Lehtinen,Republican,Florida,113
35,José_E._Serrano,Democratic,New York,113
36,Rob_Andrews,Democratic,New Jersey,113
37,David_Price_(American_politician),Democratic,North Carolina,113
38,John_Boehner,Republican,Ohio,113
39,Dave_Camp,Republican,Michigan,113
40,Rosa_DeLauro,Democratic,Connecticut,113
41,Jim_Moran,Democratic,Virginia,113
42,Collin_Peterson,Democratic,Minnesota,113
43,Maxine_Waters,Democratic,California,113
44,Sam_Johnson,Republican,Texas,113
45,Ed_Pastor,Democratic,Arizona,113
46,Jerrold_Nadler,Democratic,New York,113
47,Jim_Cooper,Democratic,Tennessee,113
48,Spencer_Bachus,Republican,Alabama,113
49,Xavier_Becerra,Democratic,California,113
50,Sanford_Bishop,Democratic,Georgia,113
51,Corrine_Brown,Democratic,Florida,113
52,Ken_Calvert,Republican,California,113
53,Jim_Clyburn,Democratic,South Carolina,113
54,Anna_Eshoo,Democratic,California,113
55,Bob_Goodlatte,Republican,Virginia,113
56,Gene_Green,Democratic,Texas,113
57,Luis_Gutiérrez,Democratic,Illinois,113
58,Alcee_Hastings,Democratic,Florida,113
59,Eddie_Bernice_Johnson,Democratic,Texas,113
60,Peter_T._King,Republican,New York,113
61,Jack_Kingston,Republican,Georgia,113
62,Carolyn_Maloney,Democratic,New York,113
63,Buck_McKeon,Republican,California,113
64,John_Mica,Republican,Florida,113
65,Lucille_Roybal-Allard,Democratic,California,113
66,Ed_Royce,Republican,California,113
67,Bobby_Rush,Democratic,Illinois,113
68,Bobby_Scott_(politician),Democratic,Virginia,113
69,Nydia_Velázquez,Democratic,New York,113
70,Mel_Watt,Democratic,North Carolina,113
71,Bennie_Thompson,Democratic,Mississippi,113
72,Sam_Farr,Democratic,California,113
73,Frank_Lucas_(Oklahoma_politician),Republican,Oklahoma,113
74,Lloyd_Doggett,Democratic,Texas,113
75,Michael_F._Doyle,Democratic,Pennsylvania,113
76,Chaka_Fattah,Democratic,Pennsylvania,113
77,Rodney_Frelinghuysen,Republican,New Jersey,113
78,Doc_Hastings,Republican,Washington,113
79,Sheila_Jackson_Lee,Democratic,Texas,113
80,Walter_B._Jones_Jr.,Republican,North Carolina,113
81,Tom_Latham_(politician),Republican,Iowa,113
82,Frank_LoBiondo,Republican,New Jersey,113
83,Zoe_Lofgren,Democratic,California,113
84,Mac_Thornberry,Republican,Texas,113
85,Ed_Whitfield,Republican,Kentucky,113
86,Elijah_Cummings,Democratic,Maryland,113
87,Earl_Blumenauer,Democratic,Oregon,113
88,Jo_Ann_Emerson,Republican,Missouri,113
89,Robert_Aderholt,Republican,Alabama,113
90,Kevin_Brady,Republican,Texas,113
91,Danny_K._Davis,Democratic,Illinois,113
92,Diana_DeGette,Democratic,Colorado,113
93,Kay_Granger,Republican,Texas,113
94,Rubén_Hinojosa,Democratic,Texas,113
95,Ron_Kind,Democratic,Wisconsin,113
96,Carolyn_McCarthy,Democratic,New York,113
97,Jim_McGovern_(American_politician),Democratic,Massachusetts,113
98,Mike_McIntyre,Democratic,North Carolina,113
99,Bill_Pascrell,Democratic,New Jersey,113
100,Joe_Pitts,Republican,Pennsylvania,113
101,Loretta_Sanchez,Democratic,California,113
102,Pete_Sessions,Republican,Texas,113
103,Brad_Sherman,Democratic,California,113
104,John_Shimkus,Republican,Illinois,113
105,Adam_Smith_(politician),Democratic,Washington,113
106,John_F._Tierney,Democratic,Massachusetts,113
107,Gregory_Meeks,Democratic,New York,113
108,Lois_Capps,Democratic,California,113
109,Barbara_Lee,Democratic,California,113
110,Bob_Brady,Democratic,Pennsylvania,113
111,Steve_Chabot,Republican,Ohio,113
112,Mike_Capuano,Democratic,Massachusetts,113
113,Joe_Crowley,Democratic,New York,113
114,Rush_Holt_Jr.,Democratic,New Jersey,113
115,John_B._Larson,Democratic,Connecticut,113
116,Gary_Miller,Republican,California,113
117,Grace_Napolitano,Democratic,California,113
118,Paul_Ryan,Republican,Wisconsin,113
119,Jan_Schakowsky,Democratic,Illinois,113
120,Mike_Simpson,Republican,Idaho,113
121,Lee_Terry,Republican,Nebraska,113
122,Mike_Thompson_(California_politician),Democratic,California,113
123,Greg_Walden,Republican,Oregon,113
124,Eric_Cantor,Republican,Virginia,113
125,Shelley_Moore_Capito,Republican,West Virginia,113
126,Lacy_Clay,Democratic,Missouri,113
127,Ander_Crenshaw,Republican,Florida,113
128,John_Culberson,Republican,Texas,113
129,Susan_Davis_(politician),Democratic,California,113
130,Sam_Graves,Republican,Missouri,113
131,Mike_Honda,Democratic,California,113
132,Steve_Israel,Democratic,New York,113
133,Darrell_Issa,Republican,California,113
134,James_Langevin,Democratic,Rhode Island,113
135,Rick_Larsen,Democratic,Washington,113
136,Jim_Matheson,Democratic,Utah,113
137,Betty_McCollum,Democratic,Minnesota,113
138,Mike_Rogers_(Michigan_politician),Republican,Michigan,113
139,Adam_Schiff,Democratic,California,113
140,Pat_Tiberi,Republican,Ohio,113
141,Bill_Shuster,Republican,Pennsylvania,113
142,Randy_Forbes,Republican,Virginia,113
143,Stephen_F._Lynch,Democratic,Massachusetts,113
144,Jeff_Miller_(Florida_politician),Republican,Florida,113
145,Joe_Wilson_(American_politician),Republican,South Carolina,113
146,Rodney_Alexander,Republican,Louisiana,113
147,Rob_Bishop,Republican,Utah,113
148,Tim_Bishop,Democratic,New York,113
149,Marsha_Blackburn,Republican,Tennessee,113
150,Jo_Bonner,Republican,Alabama,113
151,Michael_C._Burgess,Republican,Texas,113
152,John_Carter_(Texas_politician),Republican,Texas,113
153,Tom_Cole,Republican,Oklahoma,113
154,Mario_Díaz-Balart,Republican,Florida,113
155,Trent_Franks,Republican,Arizona,113
156,Scott_Garrett,Republican,New Jersey,113
157,Jim_Gerlach,Republican,Pennsylvania,113
158,Phil_Gingrey,Republican,Georgia,113
159,Raúl_Grijalva,Democratic,Arizona,113
160,Jeb_Hensarling,Republican,Texas,113
161,Steve_King,Republican,Iowa,113
162,John_Kline_(politician),Republican,Minnesota,113
163,Mike_Michaud,Democratic,Maine,113
164,Candice_Miller,Republican,Michigan,113
165,Tim_Murphy_(American_politician),Republican,Pennsylvania,113
166,Devin_Nunes,Republican,California,113
167,Mike_Rogers_(Alabama_politician),Republican,Alabama,113
168,Dutch_Ruppersberger,Democratic,Maryland,113
169,Tim_Ryan_(politician),Democratic,Ohio,113
170,Linda_Sánchez,Democratic,California,113
171,David_Scott_(Georgia_politician),Democratic,Georgia,113
172,Mike_Turner,Republican,Ohio,113
173,Chris_Van_Hollen,Democratic,Maryland,113
174,Randy_Neugebauer,Republican,Texas,113
175,G._K._Butterfield,Democratic,North Carolina,113
176,John_Barrow_(U.S._politician),Democratic,Georgia,113
177,Charles_Boustany,Republican,Louisiana,113
178,Emanuel_Cleaver,Democratic,Missouri,113
179,Mike_Conaway,Republican,Texas,113
180,Jim_Costa,Democratic,California,113
181,Henry_Cuellar,Democratic,Texas,113
182,Charlie_Dent,Republican,Pennsylvania,113
183,Jeff_Fortenberry,Republican,Nebraska,113
184,Virginia_Foxx,Republican,North Carolina,113
185,Louie_Gohmert,Republican,Texas,113
186,Al_Green_(politician),Democratic,Texas,113
187,Brian_Higgins,Democratic,New York,113
188,Dan_Lipinski,Democratic,Illinois,113
189,Kenny_Marchant,Republican,Texas,113
190,Michael_McCaul,Republican,Texas,113
191,Patrick_McHenry,Republican,North Carolina,113
192,Cathy_McMorris_Rodgers,Republican,Washington,113
193,Gwen_Moore,Democratic,Wisconsin,113
194,Ted_Poe,Republican,Texas,113
195,Tom_Price_(American_politician),Republican,Georgia,113
196,Dave_Reichert,Republican,Washington,113
197,Allyson_Schwartz,Democratic,Pennsylvania,113
198,Debbie_Wasserman_Schultz,Democratic,Florida,113
199,Lynn_Westmoreland,Republican,Georgia,113
200,Doris_Matsui,Democratic,California,113
201,John_B._T._Campbell_III,Republican,California,113
202,Albio_Sires,Democratic,New Jersey,113
203,Steve_Pearce_(politician),Republican,New Mexico,113
204,Michele_Bachmann,Republican,Minnesota,113
205,Gus_Bilirakis,Republican,Florida,113
206,Bruce_Braley,Democratic,Iowa,113
207,Vern_Buchanan,Republican,Florida,113
208,Kathy_Castor,Democratic,Florida,113
209,Yvette_Clarke,Democratic,New York,113
210,Steve_Cohen,Democratic,Tennessee,113
211,Joe_Courtney_(politician),Democratic,Connecticut,113
212,Keith_Ellison,Democratic,Minnesota,113
213,Hank_Johnson,Democratic,Georgia,113
214,Jim_Jordan_(American_politician),Republican,Ohio,113
215,Doug_Lamborn,Republican,Colorado,113
216,Dave_Loebsack,Democratic,Iowa,113
217,Kevin_McCarthy_(California_politician),Republican,California,113
218,Jerry_McNerney,Democratic,California,113
219,Ed_Perlmutter,Democratic,Colorado,113
220,Peter_Roskam,Republican,Illinois,113
221,John_Sarbanes,Democratic,Maryland,113
222,Adrian_Smith_(politician),Republican,Nebraska,113
223,Tim_Walz,Democratic,Minnesota,113
224,Peter_Welch,Democratic,Vermont,113
225,John_Yarmuth,Democratic,Kentucky,113
226,Paul_Broun,Republican,Georgia,113
227,Niki_Tsongas,Democratic,Massachusetts,113
228,Bob_Latta,Republican,Ohio,113
229,Rob_Wittman,Republican,Virginia,113
230,André_Carson,Democratic,Indiana,113
231,Jackie_Speier,Democratic,California,113
232,Steve_Scalise,Republican,Louisiana,113
233,Donna_Edwards,Democratic,Maryland,113
234,Marcia_Fudge,Democratic,Ohio,113
235,Rick_Nolan,Democratic,Minnesota,113
236,Matt_Salmon,Republican,Arizona,113
237,Bill_Cassidy,Republican,Louisiana,113
238,Jason_Chaffetz,Republican,Utah,113
239,Mike_Coffman,Republican,Colorado,113
240,Gerry_Connolly,Democratic,Virginia,113
241,John_Fleming_(American_politician),Republican,Louisiana,113
242,Brett_Guthrie,Republican,Kentucky,113
243,Gregg_Harper,Republican,Mississippi,113
244,Jim_Himes,Democratic,Connecticut,113
245,Duncan_D._Hunter,Republican,California,113
246,Lynn_Jenkins,Republican,Kansas,113
247,Leonard_Lance,Republican,New Jersey,113
248,Blaine_Luetkemeyer,Republican,Missouri,113
249,Ben_Ray_Luján,Democratic,New Mexico,113
250,Cynthia_Lummis,Republican,Wyoming,113
251,Tom_McClintock,Republican,California,113
252,Pete_Olson,Republican,Texas,113
253,Erik_Paulsen,Republican,Minnesota,113
254,Gary_Peters,Democratic,Michigan,113
255,Chellie_Pingree,Democratic,Maine,113
256,Jared_Polis,Democratic,Colorado,113
257,Bill_Posey,Republican,Florida,113
258,Phil_Roe_(politician),Republican,Tennessee,113
259,Tom_Rooney_(Florida_politician),Republican,Florida,113
260,Aaron_Schock,Republican,Illinois,113
261,Kurt_Schrader,Democratic,Oregon,113
262,Glenn_Thompson_(politician),Republican,Pennsylvania,113
263,Paul_Tonko,Democratic,New York,113
264,Mike_Quigley_(politician),Democratic,Illinois,113
265,Judy_Chu,Democratic,California,113
266,John_Garamendi,Democratic,California,113
267,Bill_Owens_(New_York_politician),Democratic,New York,113
268,Ted_Deutch,Democratic,Florida,113
269,Tom_Graves,Republican,Georgia,113
270,Tom_Reed_(politician),Republican,New York,113
271,Marlin_Stutzman,Republican,Indiana,113
272,Mike_Fitzpatrick,Republican,Pennsylvania,113
273,Carol_Shea-Porter,Democratic,New Hampshire,113
274,Tim_Walberg,Republican,Michigan,113
275,Bill_Foster_(politician),Democratic,Illinois,113
276,Justin_Amash,Republican,Michigan,113
277,Lou_Barletta,Republican,Pennsylvania,113
278,Karen_Bass,Democratic,California,113
279,Dan_Benishek,Republican,Michigan,113
280,Diane_Black,Republican,Tennessee,113
281,Mo_Brooks,Republican,Alabama,113
282,Larry_Bucshon,Republican,Indiana,113
283,John_Carney_(politician),Democratic,Delaware,113
284,David_Cicilline,Democratic,Rhode Island,113
285,Rick_Crawford_(politician),Republican,Arkansas,113
286,Jeff_Denham,Republican,California,113
287,Scott_DesJarlais,Republican,Tennessee,113
288,Sean_Duffy,Republican,Wisconsin,113
289,Jeff_Duncan_(politician),Republican,South Carolina,113
290,Renee_Ellmers,Republican,North Carolina,113
291,Blake_Farenthold,Republican,Texas,113
292,Stephen_Fincher,Republican,Tennessee,113
293,Chuck_Fleischmann,Republican,Tennessee,113
294,Bill_Flores,Republican,Texas,113
295,Cory_Gardner,Republican,Colorado,113
296,Bob_Gibbs,Republican,Ohio,113
297,Chris_Gibson_(New_York_politician),Republican,New York,113
298,Paul_Gosar,Republican,Arizona,113
299,Trey_Gowdy,Republican,South Carolina,113
300,Tim_Griffin,Republican,Arkansas,113
301,Morgan_Griffith,Republican,Virginia,113
302,Michael_Grimm_(politician),Republican,New York,113
303,Colleen_Hanabusa,Democratic,Hawaii,113
304,Richard_L._Hanna,Republican,New York,113
305,Andy_Harris_(politician),Republican,Maryland,113
306,Vicky_Hartzler,Republican,Missouri,113
307,Joe_Heck,Republican,Nevada,113
308,Jaime_Herrera_Beutler,Republican,Washington,113
309,Tim_Huelskamp,Republican,Kansas,113
310,Bill_Huizenga,Republican,Michigan,113
311,Randy_Hultgren,Republican,Illinois,113
312,Robert_Hurt_(politician),Republican,Virginia,113
313,Bill_Johnson_(Ohio_politician),Republican,Ohio,113
314,Bill_Keating_(politician),Democratic,Massachusetts,113
315,Mike_Kelly_(Pennsylvania_politician),Republican,Pennsylvania,113
316,Adam_Kinzinger,Republican,Illinois,113
317,Raúl_Labrador,Republican,Idaho,113
318,James_Lankford,Republican,Oklahoma,113
319,Billy_Long,Republican,Missouri,113
320,Tom_Marino,Republican,Pennsylvania,113
321,David_McKinley,Republican,West Virginia,113
322,Pat_Meehan,Republican,Pennsylvania,113
323,Mick_Mulvaney,Republican,South Carolina,113
324,Kristi_Noem,Republican,South Dakota,113
325,Rich_Nugent,Republican,Florida,113
326,Alan_Nunnelee,Republican,Mississippi,113
327,Steven_Palazzo,Republican,Mississippi,113
328,Mike_Pompeo,Republican,Kansas,113
329,Jim_Renacci,Republican,Ohio,113
330,Reid_Ribble,Republican,Wisconsin,113
331,Cedric_Richmond,Democratic,Louisiana,113
332,Scott_Rigell,Republican,Virginia,113
333,Martha_Roby,Republican,Alabama,113
334,Todd_Rokita,Republican,Indiana,113
335,Dennis_Ross_(politician),Republican,Florida,113
336,Jon_Runyan,Republican,New Jersey,113
337,David_Schweikert,Republican,Arizona,113
338,Austin_Scott_(politician),Republican,Georgia,113
339,Terri_Sewell,Democratic,Alabama,113
340,Steve_Southerland_(Florida_politician),Republican,Florida,113
341,Steve_Stivers,Republican,Ohio,113
342,Scott_Tipton,Republican,Colorado,113
343,Daniel_Webster_(Florida_politician),Republican,Florida,113
344,Frederica_Wilson,Democratic,Florida,113
345,Steve_Womack,Republican,Arkansas,113
346,Rob_Woodall,Republican,Georgia,113
347,Kevin_Yoder,Republican,Kansas,113
348,Todd_Young,Republican,Indiana,113
349,Janice_Hahn,Democratic,California,113
350,Mark_Amodei,Republican,Nevada,113
351,Suzanne_Bonamici,Democratic,Oregon,113
352,Ron_Barber,Democratic,Arizona,113
353,Suzan_DelBene,Democratic,Washington,113
354,Thomas_Massie,Republican,Kentucky,113
355,Donald_Payne_Jr.,Democratic,New Jersey,113
356,Steve_Stockman,Republican,Texas,113
357,Alan_Grayson,Democratic,Florida,113
358,Ann_Kirkpatrick,Democratic,Arizona,113
359,Dan_Maffei,Democratic,New York,113
360,Dina_Titus,Democratic,Nevada,113
361,Andy_Barr_(American_politician),Republican,Kentucky,113
362,Joyce_Beatty,Democratic,Ohio,113
363,Kerry_Bentivolio,Republican,Michigan,113
364,Ami_Bera,Democratic,California,113
365,Jim_Bridenstine,Republican,Oklahoma,113
366,Susan_Brooks,Republican,Indiana,113
367,Julia_Brownley,Democratic,California,113
368,Cheri_Bustos,Democratic,Illinois,113
369,Tony_Cárdenas,Democratic,California,113
370,Matt_Cartwright,Democratic,Pennsylvania,113
371,Joaquín_Castro,Democratic,Texas,113
372,Chris_Collins_(American_politician),Republican,New York,113
373,Doug_Collins_(politician),Republican,Georgia,113
374,Paul_Cook_(politician),Republican,California,113
375,Tom_Cotton,Republican,Arkansas,113
376,Kevin_Cramer,Republican,North Dakota,113
377,Steve_Daines,Republican,Montana,113
378,Rodney_Davis_(politician),Republican,Illinois,113
379,John_Delaney_(Maryland_politician),Democratic,Maryland,113
380,Ron_DeSantis,Republican,Florida,113
381,Tammy_Duckworth,Democratic,Illinois,113
382,William_Enyart,Democratic,Illinois,113
383,Elizabeth_Esty,Democratic,Connecticut,113
384,Lois_Frankel,Democratic,Florida,113
385,Tulsi_Gabbard,Democratic,Hawaii,113
386,Pete_Gallego,Democratic,Texas,113
387,Joe_Garcia,Democratic,Florida,113
388,Dennis_Heck,Democratic,Washington,113
389,George_Holding,Republican,North Carolina,113
390,Steven_Horsford,Democratic,Nevada,113
391,Richard_Hudson_(American_politician),Republican,North Carolina,113
392,Jared_Huffman,Democratic,California,113
393,Hakeem_Jeffries,Democratic,New York,113
394,David_Joyce_(politician),Republican,Ohio,113
395,Joe_Kennedy_III,Democratic,Massachusetts,113
396,Dan_Kildee,Democratic,Michigan,113
397,Derek_Kilmer,Democratic,Washington,113
398,Ann_McLane_Kuster,Democratic,New Hampshire,113
399,Doug_LaMalfa,Republican,California,113
400,Alan_Lowenthal,Democratic,California,113
401,Michelle_Lujan_Grisham,Democratic,New Mexico,113
402,Sean_Patrick_Maloney,Democratic,New York,113
403,Gloria_Negrete_McLeod,Democratic,California,113
404,Mark_Meadows_(North_Carolina_politician),Republican,North Carolina,113
405,Grace_Meng,Democratic,New York,113
406,Luke_Messer,Republican,Indiana,113
407,Markwayne_Mullin,Republican,Oklahoma,113
408,Patrick_Murphy_(Florida_politician),Democratic,Florida,113
409,Beto_O'Rourke,Democratic,Texas,113
410,Scott_Perry_(politician),Republican,Pennsylvania,113
411,Scott_Peters_(politician),Democratic,California,113
412,Robert_Pittenger,Republican,North Carolina,113
413,Mark_Pocan,Democratic,Wisconsin,113
414,Trey_Radel,Republican,Florida,113
415,Tom_Rice,Republican,South Carolina,113
416,Keith_Rothfus,Republican,Pennsylvania,113
417,Raul_Ruiz_(politician),Democratic,California,113
418,Brad_Schneider,Democratic,Illinois,113
419,Kyrsten_Sinema,Democratic,Arizona,113
420,Chris_Stewart_(politician),Republican,Utah,113
421,Eric_Swalwell,Democratic,California,113
422,Mark_Takano,Democratic,California,113
423,David_Valadao,Republican,California,113
424,Juan_Vargas,Democratic,California,113
425,Marc_Veasey,Democratic,Texas,113
426,Filemon_Vela_Jr.,Democratic,Texas,113
427,Ann_Wagner,Republican,Missouri,113
428,Jackie_Walorski,Republican,Indiana,113
429,Randy_Weber,Republican,Texas,113
430,Brad_Wenstrup,Republican,Ohio,113
431,Roger_Williams_(American_politician),Republican,Texas,113
432,Ted_Yoho,Republican,Florida,113
433,Robin_Kelly,Democratic,Illinois,113
434,Mark_Sanford,Republican,South Carolina,113
435,Jason_Smith_(politician),Republican,Missouri,113
436,Vance_McAllister,Republican,Louisiana,113
437,Katherine_Clark,Democratic,Massachusetts,113
438,Bradley_Byrne,Republican,Alabama,113
439,David_Jolly,Republican,Florida,113
440,Curt_Clawson,Republican,Florida,113
441,Alma_Adams,Democratic,North Carolina,113
442,Dave_Brat,Republican,Virginia,113
443,Donald_Norcross,Democratic,New Jersey,113
444,John_Conyers,Democratic,Michigan,114
445,Charles_Rangel,Democratic,New York,114
446,Don_Young,Republican,Alaska,114
447,Jim_Sensenbrenner,Republican,Wisconsin,114
448,Hal_Rogers,Republican,Kentucky,114
449,Chris_Smith_(New_Jersey_politician),Republican,New Jersey,114
450,Steny_Hoyer,Democratic,Maryland,114
451,Marcy_Kaptur,Democratic,Ohio,114
452,Sander_Levin,Democratic,Michigan,114
453,Joe_Barton,Republican,Texas,114
454,Pete_Visclosky,Democratic,Indiana,114
455,Peter_DeFazio,Democratic,Oregon,114
456,John_Lewis_(civil_rights_leader),Democratic,Georgia,114
457,Louise_Slaughter,Democratic,New York,114
458,Lamar_Smith,Republican,Texas,114
459,Fred_Upton,Republican,Michigan,114
460,Nancy_Pelosi,Democratic,California,114
461,Jimmy_Duncan_(politician),Republican,Tennessee,114
462,Frank_Pallone,Democratic,New Jersey,114
463,Eliot_Engel,Democratic,New York,114
464,Nita_Lowey,Democratic,New York,114
465,Jim_McDermott,Democratic,Washington,114
466,Richard_Neal,Democratic,Massachusetts,114
467,Dana_Rohrabacher,Republican,California,114
468,Ileana_Ros-Lehtinen,Republican,Florida,114
469,José_E._Serrano,Democratic,New York,114
470,David_Price_(American_politician),Democratic,North Carolina,114
471,John_Boehner,Republican,Ohio,114
472,Rosa_DeLauro,Democratic,Connecticut,114
473,Collin_Peterson,Democratic,Minnesota,114
474,Maxine_Waters,Democratic,California,114
475,Sam_Johnson,Republican,Texas,114
476,Jerrold_Nadler,Democratic,New York,114
477,Jim_Cooper,Democratic,Tennessee,114
478,Xavier_Becerra,Democratic,California,114
479,Sanford_Bishop,Democratic,Georgia,114
480,Corrine_Brown,Democratic,Florida,114
481,Ken_Calvert,Republican,California,114
482,Jim_Clyburn,Democratic,South Carolina,114
483,Anna_Eshoo,Democratic,California,114
484,Bob_Goodlatte,Republican,Virginia,114
485,Gene_Green,Democratic,Texas,114
486,Luis_Gutiérrez,Democratic,Illinois,114
487,Alcee_Hastings,Democratic,Florida,114
488,Eddie_Bernice_Johnson,Democratic,Texas,114
489,Peter_T._King,Republican,New York,114
490,Carolyn_Maloney,Democratic,New York,114
491,John_Mica,Republican,Florida,114
492,Lucille_Roybal-Allard,Democratic,California,114
493,Ed_Royce,Republican,California,114
494,Bobby_Rush,Democratic,Illinois,114
495,Bobby_Scott_(politician),Democratic,Virginia,114
496,Nydia_Velázquez,Democratic,New York,114
497,Bennie_Thompson,Democratic,Mississippi,114
498,Sam_Farr,Democratic,California,114
499,Frank_Lucas_(Oklahoma_politician),Republican,Oklahoma,114
500,Lloyd_Doggett,Democratic,Texas,114
501,Michael_F._Doyle,Democratic,Pennsylvania,114
502,Chaka_Fattah,Democratic,Pennsylvania,114
503,Rodney_Frelinghuysen,Republican,New Jersey,114
504,Sheila_Jackson_Lee,Democratic,Texas,114
505,Walter_B._Jones_Jr.,Republican,North Carolina,114
506,Frank_LoBiondo,Republican,New Jersey,114
507,Zoe_Lofgren,Democratic,California,114
508,Mac_Thornberry,Republican,Texas,114
509,Ed_Whitfield,Republican,Kentucky,114
510,Elijah_Cummings,Democratic,Maryland,114
511,Earl_Blumenauer,Democratic,Oregon,114
512,Robert_Aderholt,Republican,Alabama,114
513,Kevin_Brady,Republican,Texas,114
514,Danny_K._Davis,Democratic,Illinois,114
515,Diana_DeGette,Democratic,Colorado,114
516,Kay_Granger,Republican,Texas,114
517,Rubén_Hinojosa,Democratic,Texas,114
518,Ron_Kind,Democratic,Wisconsin,114
519,Jim_McGovern_(American_politician),Democratic,Massachusetts,114
520,Bill_Pascrell,Democratic,New Jersey,114
521,Joe_Pitts,Republican,Pennsylvania,114
522,Loretta_Sanchez,Democratic,California,114
523,Pete_Sessions,Republican,Texas,114
524,Brad_Sherman,Democratic,California,114
525,John_Shimkus,Republican,Illinois,114
526,Adam_Smith_(politician),Democratic,Washington,114
527,Gregory_Meeks,Democratic,New York,114
528,Lois_Capps,Democratic,California,114
529,Barbara_Lee,Democratic,California,114
530,Bob_Brady,Democratic,Pennsylvania,114
531,Steve_Chabot,Republican,Ohio,114
532,Mike_Capuano,Democratic,Massachusetts,114
533,Joe_Crowley,Democratic,New York,114
534,John_B._Larson,Democratic,Connecticut,114
535,Grace_Napolitano,Democratic,California,114
536,Paul_Ryan,Republican,Wisconsin,114
537,Jan_Schakowsky,Democratic,Illinois,114
538,Mike_Simpson,Republican,Idaho,114
539,Mike_Thompson_(California_politician),Democratic,California,114
540,Greg_Walden,Republican,Oregon,114
541,Lacy_Clay,Democratic,Missouri,114
542,Ander_Crenshaw,Republican,Florida,114
543,John_Culberson,Republican,Texas,114
544,Susan_Davis_(politician),Democratic,California,114
545,Sam_Graves,Republican,Missouri,114
546,Mike_Honda,Democratic,California,114
547,Steve_Israel,Democratic,New York,114
548,Darrell_Issa,Republican,California,114
549,James_Langevin,Democratic,Rhode Island,114
550,Rick_Larsen,Democratic,Washington,114
551,Betty_McCollum,Democratic,Minnesota,114
552,Adam_Schiff,Democratic,California,114
553,Pat_Tiberi,Republican,Ohio,114
554,Bill_Shuster,Republican,Pennsylvania,114
555,Randy_Forbes,Republican,Virginia,114
556,Stephen_F._Lynch,Democratic,Massachusetts,114
557,Jeff_Miller_(Florida_politician),Republican,Florida,114
558,Joe_Wilson_(American_politician),Republican,South Carolina,114
559,Rob_Bishop,Republican,Utah,114
560,Marsha_Blackburn,Republican,Tennessee,114
561,Michael_C._Burgess,Republican,Texas,114
562,John_Carter_(Texas_politician),Republican,Texas,114
563,Tom_Cole,Republican,Oklahoma,114
564,Mario_Díaz-Balart,Republican,Florida,114
565,Trent_Franks,Republican,Arizona,114
566,Scott_Garrett,Republican,New Jersey,114
567,Raúl_Grijalva,Democratic,Arizona,114
568,Jeb_Hensarling,Republican,Texas,114
569,Steve_King,Republican,Iowa,114
570,John_Kline_(politician),Republican,Minnesota,114
571,Candice_Miller,Republican,Michigan,114
572,Tim_Murphy_(American_politician),Republican,Pennsylvania,114
573,Devin_Nunes,Republican,California,114
574,Mike_Rogers_(Alabama_politician),Republican,Alabama,114
575,Dutch_Ruppersberger,Democratic,Maryland,114
576,Tim_Ryan_(politician),Democratic,Ohio,114
577,Linda_Sánchez,Democratic,California,114
578,David_Scott_(Georgia_politician),Democratic,Georgia,114
579,Mike_Turner,Republican,Ohio,114
580,Chris_Van_Hollen,Democratic,Maryland,114
581,Randy_Neugebauer,Republican,Texas,114
582,G._K._Butterfield,Democratic,North Carolina,114
583,Charles_Boustany,Republican,Louisiana,114
584,Emanuel_Cleaver,Democratic,Missouri,114
585,Mike_Conaway,Republican,Texas,114
586,Jim_Costa,Democratic,California,114
587,Henry_Cuellar,Democratic,Texas,114
588,Charlie_Dent,Republican,Pennsylvania,114
589,Jeff_Fortenberry,Republican,Nebraska,114
590,Virginia_Foxx,Republican,North Carolina,114
591,Louie_Gohmert,Republican,Texas,114
592,Al_Green_(politician),Democratic,Texas,114
593,Brian_Higgins,Democratic,New York,114
594,Dan_Lipinski,Democratic,Illinois,114
595,Kenny_Marchant,Republican,Texas,114
596,Michael_McCaul,Republican,Texas,114
597,Patrick_McHenry,Republican,North Carolina,114
598,Cathy_McMorris_Rodgers,Republican,Washington,114
599,Gwen_Moore,Democratic,Wisconsin,114
600,Ted_Poe,Republican,Texas,114
601,Tom_Price_(American_politician),Republican,Georgia,114
602,Dave_Reichert,Republican,Washington,114
603,Debbie_Wasserman_Schultz,Democratic,Florida,114
604,Lynn_Westmoreland,Republican,Georgia,114
605,Doris_Matsui,Democratic,California,114
606,Albio_Sires,Democratic,New Jersey,114
607,Steve_Pearce_(politician),Republican,New Mexico,114
608,Gus_Bilirakis,Republican,Florida,114
609,Vern_Buchanan,Republican,Florida,114
610,Kathy_Castor,Democratic,Florida,114
611,Yvette_Clarke,Democratic,New York,114
612,Steve_Cohen,Democratic,Tennessee,114
613,Joe_Courtney_(politician),Democratic,Connecticut,114
614,Keith_Ellison,Democratic,Minnesota,114
615,Hank_Johnson,Democratic,Georgia,114
616,Jim_Jordan_(American_politician),Republican,Ohio,114
617,Doug_Lamborn,Republican,Colorado,114
618,Dave_Loebsack,Democratic,Iowa,114
619,Kevin_McCarthy_(California_politician),Republican,California,114
620,Jerry_McNerney,Democratic,California,114
621,Ed_Perlmutter,Democratic,Colorado,114
622,Peter_Roskam,Republican,Illinois,114
623,John_Sarbanes,Democratic,Maryland,114
624,Adrian_Smith_(politician),Republican,Nebraska,114
625,Tim_Walz,Democratic,Minnesota,114
626,Peter_Welch,Democratic,Vermont,114
627,John_Yarmuth,Democratic,Kentucky,114
628,Niki_Tsongas,Democratic,Massachusetts,114
629,Bob_Latta,Republican,Ohio,114
630,Rob_Wittman,Republican,Virginia,114
631,André_Carson,Democratic,Indiana,114
632,Jackie_Speier,Democratic,California,114
633,Steve_Scalise,Republican,Louisiana,114
634,Donna_Edwards,Democratic,Maryland,114
635,Marcia_Fudge,Democratic,Ohio,114
636,Rick_Nolan,Democratic,Minnesota,114
637,Matt_Salmon,Republican,Arizona,114
638,Mark_Sanford,Republican,South Carolina,114
639,Jason_Chaffetz,Republican,Utah,114
640,Mike_Coffman,Republican,Colorado,114
641,Gerry_Connolly,Democratic,Virginia,114
642,John_Fleming_(American_politician),Republican,Louisiana,114
643,Brett_Guthrie,Republican,Kentucky,114
644,Gregg_Harper,Republican,Mississippi,114
645,Jim_Himes,Democratic,Connecticut,114
646,Duncan_D._Hunter,Republican,California,114
647,Lynn_Jenkins,Republican,Kansas,114
648,Leonard_Lance,Republican,New Jersey,114
649,Blaine_Luetkemeyer,Republican,Missouri,114
650,Ben_Ray_Luján,Democratic,New Mexico,114
651,Cynthia_Lummis,Republican,Wyoming,114
652,Tom_McClintock,Republican,California,114
653,Pete_Olson,Republican,Texas,114
654,Erik_Paulsen,Republican,Minnesota,114
655,Chellie_Pingree,Democratic,Maine,114
656,Jared_Polis,Democratic,Colorado,114
657,Bill_Posey,Republican,Florida,114
658,Phil_Roe_(politician),Republican,Tennessee,114
659,Tom_Rooney_(Florida_politician),Republican,Florida,114
660,Aaron_Schock,Republican,Illinois,114
661,Kurt_Schrader,Democratic,Oregon,114
662,Glenn_Thompson_(politician),Republican,Pennsylvania,114
663,Paul_Tonko,Democratic,New York,114
664,Mike_Quigley_(politician),Democratic,Illinois,114
665,Judy_Chu,Democratic,California,114
666,John_Garamendi,Democratic,California,114
667,Ted_Deutch,Democratic,Florida,114
668,Tom_Graves,Republican,Georgia,114
669,Tom_Reed_(politician),Republican,New York,114
670,Marlin_Stutzman,Republican,Indiana,114
671,Mike_Fitzpatrick,Republican,Pennsylvania,114
672,Tim_Walberg,Republican,Michigan,114
673,Bill_Foster_(politician),Democratic,Illinois,114
674,Justin_Amash,Republican,Michigan,114
675,Lou_Barletta,Republican,Pennsylvania,114
676,Karen_Bass,Democratic,California,114
677,Dan_Benishek,Republican,Michigan,114
678,Diane_Black,Republican,Tennessee,114
679,Mo_Brooks,Republican,Alabama,114
680,Larry_Bucshon,Republican,Indiana,114
681,John_Carney_(politician),Democratic,Delaware,114
682,David_Cicilline,Democratic,Rhode Island,114
683,Rick_Crawford_(politician),Republican,Arkansas,114
684,Jeff_Denham,Republican,California,114
685,Scott_DesJarlais,Republican,Tennessee,114
686,Sean_Duffy,Republican,Wisconsin,114
687,Jeff_Duncan_(politician),Republican,South Carolina,114
688,Renee_Ellmers,Republican,North Carolina,114
689,Blake_Farenthold,Republican,Texas,114
690,Stephen_Fincher,Republican,Tennessee,114
691,Chuck_Fleischmann,Republican,Tennessee,114
692,Bill_Flores,Republican,Texas,114
693,Bob_Gibbs,Republican,Ohio,114
694,Chris_Gibson_(New_York_politician),Republican,New York,114
695,Paul_Gosar,Republican,Arizona,114
696,Trey_Gowdy,Republican,South Carolina,114
697,Morgan_Griffith,Republican,Virginia,114
698,Michael_Grimm_(politician),Republican,New York,114
699,Richard_L._Hanna,Republican,New York,114
700,Andy_Harris_(politician),Republican,Maryland,114
701,Vicky_Hartzler,Republican,Missouri,114
702,Joe_Heck,Republican,Nevada,114
703,Jaime_Herrera_Beutler,Republican,Washington,114
704,Tim_Huelskamp,Republican,Kansas,114
705,Bill_Huizenga,Republican,Michigan,114
706,Randy_Hultgren,Republican,Illinois,114
707,Robert_Hurt_(politician),Republican,Virginia,114
708,Bill_Johnson_(Ohio_politician),Republican,Ohio,114
709,Bill_Keating_(politician),Democratic,Massachusetts,114
710,Mike_Kelly_(Pennsylvania_politician),Republican,Pennsylvania,114
711,Adam_Kinzinger,Republican,Illinois,114
712,Raúl_Labrador,Republican,Idaho,114
713,Billy_Long,Republican,Missouri,114
714,Tom_Marino,Republican,Pennsylvania,114
715,David_McKinley,Republican,West Virginia,114
716,Pat_Meehan,Republican,Pennsylvania,114
717,Mick_Mulvaney,Republican,South Carolina,114
718,Kristi_Noem,Republican,South Dakota,114
719,Rich_Nugent,Republican,Florida,114
720,Alan_Nunnelee,Republican,Mississippi,114
721,Steven_Palazzo,Republican,Mississippi,114
722,Mike_Pompeo,Republican,Kansas,114
723,Jim_Renacci,Republican,Ohio,114
724,Reid_Ribble,Republican,Wisconsin,114
725,Cedric_Richmond,Democratic,Louisiana,114
726,Scott_Rigell,Republican,Virginia,114
727,Martha_Roby,Republican,Alabama,114
728,Todd_Rokita,Republican,Indiana,114
729,Dennis_Ross_(politician),Republican,Florida,114
730,David_Schweikert,Republican,Arizona,114
731,Austin_Scott_(politician),Republican,Georgia,114
732,Terri_Sewell,Democratic,Alabama,114
733,Steve_Stivers,Republican,Ohio,114
734,Scott_Tipton,Republican,Colorado,114
735,Daniel_Webster_(Florida_politician),Republican,Florida,114
736,Frederica_Wilson,Democratic,Florida,114
737,Steve_Womack,Republican,Arkansas,114
738,Rob_Woodall,Republican,Georgia,114
739,Kevin_Yoder,Republican,Kansas,114
740,Todd_Young,Republican,Indiana,114
741,Janice_Hahn,Democratic,California,114
742,Mark_Amodei,Republican,Nevada,114
743,Suzanne_Bonamici,Democratic,Oregon,114
744,Suzan_DelBene,Democratic,Washington,114
745,Thomas_Massie,Republican,Kentucky,114
746,Donald_Payne_Jr.,Democratic,New Jersey,114
747,Alan_Grayson,Democratic,Florida,114
748,Ann_Kirkpatrick,Democratic,Arizona,114
749,Dina_Titus,Democratic,Nevada,114
750,Andy_Barr_(American_politician),Republican,Kentucky,114
751,Joyce_Beatty,Democratic,Ohio,114
752,Ami_Bera,Democratic,California,114
753,Jim_Bridenstine,Republican,Oklahoma,114
754,Susan_Brooks,Republican,Indiana,114
755,Julia_Brownley,Democratic,California,114
756,Cheri_Bustos,Democratic,Illinois,114
757,Tony_Cárdenas,Democratic,California,114
758,Matt_Cartwright,Democratic,Pennsylvania,114
759,Joaquín_Castro,Democratic,Texas,114
760,Chris_Collins_(American_politician),Republican,New York,114
761,Doug_Collins_(politician),Republican,Georgia,114
762,Paul_Cook_(politician),Republican,California,114
763,Kevin_Cramer,Republican,North Dakota,114
764,Rodney_Davis_(politician),Republican,Illinois,114
765,John_Delaney_(Maryland_politician),Democratic,Maryland,114
766,Ron_DeSantis,Republican,Florida,114
767,Tammy_Duckworth,Democratic,Illinois,114
768,Elizabeth_Esty,Democratic,Connecticut,114
769,Lois_Frankel,Democratic,Florida,114
770,Tulsi_Gabbard,Democratic,Hawaii,114
771,Dennis_Heck,Democratic,Washington,114
772,George_Holding,Republican,North Carolina,114
773,Richard_Hudson_(American_politician),Republican,North Carolina,114
774,Jared_Huffman,Democratic,California,114
775,Hakeem_Jeffries,Democratic,New York,114
776,David_Joyce_(politician),Republican,Ohio,114
777,Joe_Kennedy_III,Democratic,Massachusetts,114
778,Dan_Kildee,Democratic,Michigan,114
779,Derek_Kilmer,Democratic,Washington,114
780,Ann_McLane_Kuster,Democratic,New Hampshire,114
781,Doug_LaMalfa,Republican,California,114
782,Alan_Lowenthal,Democratic,California,114
783,Michelle_Lujan_Grisham,Democratic,New Mexico,114
784,Sean_Patrick_Maloney,Democratic,New York,114
785,Mark_Meadows_(North_Carolina_politician),Republican,North Carolina,114
786,Grace_Meng,Democratic,New York,114
787,Luke_Messer,Republican,Indiana,114
788,Markwayne_Mullin,Republican,Oklahoma,114
789,Patrick_Murphy_(Florida_politician),Democratic,Florida,114
790,Beto_O'Rourke,Democratic,Texas,114
791,Scott_Perry_(politician),Republican,Pennsylvania,114
792,Scott_Peters_(politician),Democratic,California,114
793,Robert_Pittenger,Republican,North Carolina,114
794,Mark_Pocan,Democratic,Wisconsin,114
795,Tom_Rice,Republican,South Carolina,114
796,Keith_Rothfus,Republican,Pennsylvania,114
797,Raul_Ruiz_(politician),Democratic,California,114
798,Kyrsten_Sinema,Democratic,Arizona,114
799,Chris_Stewart_(politician),Republican,Utah,114
800,Eric_Swalwell,Democratic,California,114
801,Mark_Takano,Democratic,California,114
802,David_Valadao,Republican,California,114
803,Juan_Vargas,Democratic,California,114
804,Marc_Veasey,Democratic,Texas,114
805,Filemon_Vela_Jr.,Democratic,Texas,114
806,Ann_Wagner,Republican,Missouri,114
807,Jackie_Walorski,Republican,Indiana,114
808,Randy_Weber,Republican,Texas,114
809,Brad_Wenstrup,Republican,Ohio,114
810,Roger_Williams_(American_politician),Republican,Texas,114
811,Ted_Yoho,Republican,Florida,114
812,Robin_Kelly,Democratic,Illinois,114
813,Jason_Smith_(politician),Republican,Missouri,114
814,Katherine_Clark,Democratic,Massachusetts,114
815,Bradley_Byrne,Republican,Alabama,114
816,David_Jolly,Republican,Florida,114
817,Curt_Clawson,Republican,Florida,114
818,Alma_Adams,Democratic,North Carolina,114
819,Dave_Brat,Republican,Virginia,114
820,Donald_Norcross,Democratic,New Jersey,114
821,Bob_Dold,Republican,Illinois,114
822,Frank_Guinta,Republican,New Hampshire,114
823,Ralph_Abraham_(politician),Republican,Louisiana,114
824,Pete_Aguilar,Democratic,California,114
825,Rick_W._Allen,Republican,Georgia,114
826,Brad_Ashford,Democratic,Nebraska,114
827,Brian_Babin,Republican,Texas,114
828,Don_Beyer,Democratic,Virginia,114
829,Mike_Bishop_(politician),Republican,Michigan,114
830,Rod_Blum,Republican,Iowa,114
831,Mike_Bost,Republican,Illinois,114
832,Brendan_Boyle,Democratic,Pennsylvania,114
833,Ken_Buck,Republican,Colorado,114
834,Buddy_Carter,Republican,Georgia,114
835,Barbara_Comstock,Republican,Virginia,114
836,Ryan_Costello,Republican,Pennsylvania,114
837,Carlos_Curbelo,Republican,Florida,114
838,Mark_DeSaulnier,Democratic,California,114
839,Debbie_Dingell,Democratic,Michigan,114
840,Tom_Emmer,Republican,Minnesota,114
841,Ruben_Gallego,Democratic,Arizona,114
842,Gwen_Graham,Democratic,Florida,114
843,Garret_Graves,Republican,Louisiana,114
844,Glenn_Grothman,Republican,Wisconsin,114
845,Cresent_Hardy,Republican,Nevada,114
846,Jody_Hice,Republican,Georgia,114
847,French_Hill_(politician),Republican,Arkansas,114
848,Will_Hurd,Republican,Texas,114
849,Evan_Jenkins_(politician),Republican,West Virginia,114
850,John_Katko,Republican,New York,114
851,Steve_Knight_(politician),Republican,California,114
852,Brenda_Lawrence,Democratic,Michigan,114
853,Ted_Lieu,Democratic,California,114
854,Barry_Loudermilk,Republican,Georgia,114
855,Mia_Love,Republican,Utah,114
856,Tom_MacArthur,Republican,New Jersey,114
857,Martha_McSally,Republican,Arizona,114
858,John_Moolenaar,Republican,Michigan,114
859,Alex_Mooney,Republican,West Virginia,114
860,Seth_Moulton,Democratic,Massachusetts,114
861,Dan_Newhouse,Republican,Washington,114
862,Gary_Palmer_(politician),Republican,Alabama,114
863,Bruce_Poliquin,Republican,Maine,114
864,John_Ratcliffe_(American_politician),Republican,Texas,114
865,Kathleen_Rice,Democratic,New York,114
866,David_Rouzer,Republican,North Carolina,114
867,Steve_Russell_(politician),Republican,Oklahoma,114
868,Elise_Stefanik,Republican,New York,114
869,Mark_Takai,Democratic,Hawaii,114
870,Norma_Torres,Democratic,California,114
871,Dave_Trott_(politician),Republican,Michigan,114
872,Mark_Walker_(North_Carolina_politician),Republican,North Carolina,114
873,Mimi_Walters,Republican,California,114
874,Bonnie_Watson_Coleman,Democratic,New Jersey,114
875,Bruce_Westerman,Republican,Arkansas,114
876,David_Young_(Iowa_politician),Republican,Iowa,114
877,Lee_Zeldin,Republican,New York,114
878,Ryan_Zinke,Republican,Montana,114
879,Dan_Donovan_(politician),Republican,New York,114
880,Trent_Kelly,Republican,Mississippi,114
881,Darin_LaHood,Republican,Illinois,114
882,Warren_Davidson,Republican,Ohio,114
883,Colleen_Hanabusa,Democratic,Hawaii,114
884,James_Comer_(politician),Republican,Kentucky,114
885,Dwight_Evans_(politician),Democratic,Pennsylvania,114
886,John_Conyers,Democratic,Michigan,115
887,Don_Young,Republican,Alaska,115
888,Jim_Sensenbrenner,Republican,Wisconsin,115
889,Hal_Rogers,Republican,Kentucky,115
890,Chris_Smith_(New_Jersey_politician),Republican,New Jersey,115
891,Steny_Hoyer,Democratic,Maryland,115
892,Marcy_Kaptur,Democratic,Ohio,115
893,Sander_Levin,Democratic,Michigan,115
894,Joe_Barton,Republican,Texas,115
895,Pete_Visclosky,Democratic,Indiana,115
896,Peter_DeFazio,Democratic,Oregon,115
897,John_Lewis_(civil_rights_leader),Democratic,Georgia,115
898,Louise_Slaughter,Democratic,New York,115
899,Lamar_Smith,Republican,Texas,115
900,Fred_Upton,Republican,Michigan,115
901,Nancy_Pelosi,Democratic,California,115
902,Jimmy_Duncan_(politician),Republican,Tennessee,115
903,Frank_Pallone,Democratic,New Jersey,115
904,Eliot_Engel,Democratic,New York,115
905,Nita_Lowey,Democratic,New York,115
906,Richard_Neal,Democratic,Massachusetts,115
907,Dana_Rohrabacher,Republican,California,115
908,Ileana_Ros-Lehtinen,Republican,Florida,115
909,José_E._Serrano,Democratic,New York,115
910,David_Price_(American_politician),Democratic,North Carolina,115
911,Rosa_DeLauro,Democratic,Connecticut,115
912,Collin_Peterson,Democratic,Minnesota,115
913,Maxine_Waters,Democratic,California,115
914,Sam_Johnson,Republican,Texas,115
915,Jerrold_Nadler,Democratic,New York,115
916,Jim_Cooper,Democratic,Tennessee,115
917,Xavier_Becerra,Democratic,California,115
918,Sanford_Bishop,Democratic,Georgia,115
919,Ken_Calvert,Republican,California,115
920,Jim_Clyburn,Democratic,South Carolina,115
921,Anna_Eshoo,Democratic,California,115
922,Bob_Goodlatte,Republican,Virginia,115
923,Gene_Green,Democratic,Texas,115
924,Luis_Gutiérrez,Democratic,Illinois,115
925,Alcee_Hastings,Democratic,Florida,115
926,Eddie_Bernice_Johnson,Democratic,Texas,115
927,Peter_T._King,Republican,New York,115
928,Carolyn_Maloney,Democratic,New York,115
929,Lucille_Roybal-Allard,Democratic,California,115
930,Ed_Royce,Republican,California,115
931,Bobby_Rush,Democratic,Illinois,115
932,Bobby_Scott_(politician),Democratic,Virginia,115
933,Nydia_Velázquez,Democratic,New York,115
934,Bennie_Thompson,Democratic,Mississippi,115
935,Frank_Lucas_(Oklahoma_politician),Republican,Oklahoma,115
936,Lloyd_Doggett,Democratic,Texas,115
937,Michael_F._Doyle,Democratic,Pennsylvania,115
938,Rodney_Frelinghuysen,Republican,New Jersey,115
939,Sheila_Jackson_Lee,Democratic,Texas,115
940,Walter_B._Jones_Jr.,Republican,North Carolina,115
941,Frank_LoBiondo,Republican,New Jersey,115
942,Zoe_Lofgren,Democratic,California,115
943,Mac_Thornberry,Republican,Texas,115
944,Elijah_Cummings,Democratic,Maryland,115
945,Earl_Blumenauer,Democratic,Oregon,115
946,Robert_Aderholt,Republican,Alabama,115
947,Kevin_Brady,Republican,Texas,115
948,Danny_K._Davis,Democratic,Illinois,115
949,Diana_DeGette,Democratic,Colorado,115
950,Kay_Granger,Republican,Texas,115
951,Ron_Kind,Democratic,Wisconsin,115
952,Jim_McGovern_(American_politician),Democratic,Massachusetts,115
953,Bill_Pascrell,Democratic,New Jersey,115
954,Pete_Sessions,Republican,Texas,115
955,Brad_Sherman,Democratic,California,115
956,John_Shimkus,Republican,Illinois,115
957,Adam_Smith_(politician),Democratic,Washington,115
958,Gregory_Meeks,Democratic,New York,115
959,Barbara_Lee,Democratic,California,115
960,Bob_Brady,Democratic,Pennsylvania,115
961,Steve_Chabot,Republican,Ohio,115
962,Mike_Capuano,Democratic,Massachusetts,115
963,Joe_Crowley,Democratic,New York,115
964,John_B._Larson,Democratic,Connecticut,115
965,Grace_Napolitano,Democratic,California,115
966,Paul_Ryan,Republican,Wisconsin,115
967,Jan_Schakowsky,Democratic,Illinois,115
968,Mike_Simpson,Republican,Idaho,115
969,Mike_Thompson_(California_politician),Democratic,California,115
970,Greg_Walden,Republican,Oregon,115
971,Lacy_Clay,Democratic,Missouri,115
972,John_Culberson,Republican,Texas,115
973,Susan_Davis_(politician),Democratic,California,115
974,Sam_Graves,Republican,Missouri,115
975,Darrell_Issa,Republican,California,115
976,James_Langevin,Democratic,Rhode Island,115
977,Rick_Larsen,Democratic,Washington,115
978,Betty_McCollum,Democratic,Minnesota,115
979,Adam_Schiff,Democratic,California,115
980,Pat_Tiberi,Republican,Ohio,115
981,Bill_Shuster,Republican,Pennsylvania,115
982,Stephen_F._Lynch,Democratic,Massachusetts,115
983,Joe_Wilson_(American_politician),Republican,South Carolina,115
984,Rob_Bishop,Republican,Utah,115
985,Marsha_Blackburn,Republican,Tennessee,115
986,Michael_C._Burgess,Republican,Texas,115
987,John_Carter_(Texas_politician),Republican,Texas,115
988,Tom_Cole,Republican,Oklahoma,115
989,Mario_Díaz-Balart,Republican,Florida,115
990,Trent_Franks,Republican,Arizona,115
991,Raúl_Grijalva,Democratic,Arizona,115
992,Jeb_Hensarling,Republican,Texas,115
993,Steve_King,Republican,Iowa,115
994,Tim_Murphy_(American_politician),Republican,Pennsylvania,115
995,Devin_Nunes,Republican,California,115
996,Mike_Rogers_(Alabama_politician),Republican,Alabama,115
997,Dutch_Ruppersberger,Democratic,Maryland,115
998,Tim_Ryan_(politician),Democratic,Ohio,115
999,Linda_Sánchez,Democratic,California,115
1000,David_Scott_(Georgia_politician),Democratic,Georgia,115
1001,Mike_Turner,Republican,Ohio,115
1002,G._K._Butterfield,Democratic,North Carolina,115
1003,Emanuel_Cleaver,Democratic,Missouri,115
1004,Mike_Conaway,Republican,Texas,115
1005,Jim_Costa,Democratic,California,115
1006,Henry_Cuellar,Democratic,Texas,115
1007,Charlie_Dent,Republican,Pennsylvania,115
1008,Jeff_Fortenberry,Republican,Nebraska,115
1009,Virginia_Foxx,Republican,North Carolina,115
1010,Louie_Gohmert,Republican,Texas,115
1011,Al_Green_(politician),Democratic,Texas,115
1012,Brian_Higgins,Democratic,New York,115
1013,Dan_Lipinski,Democratic,Illinois,115
1014,Kenny_Marchant,Republican,Texas,115
1015,Michael_McCaul,Republican,Texas,115
1016,Patrick_McHenry,Republican,North Carolina,115
1017,Cathy_McMorris_Rodgers,Republican,Washington,115
1018,Gwen_Moore,Democratic,Wisconsin,115
1019,Ted_Poe,Republican,Texas,115
1020,Tom_Price_(American_politician),Republican,Georgia,115
1021,Dave_Reichert,Republican,Washington,115
1022,Debbie_Wasserman_Schultz,Democratic,Florida,115
1023,Doris_Matsui,Democratic,California,115
1024,Albio_Sires,Democratic,New Jersey,115
1025,Steve_Pearce_(politician),Republican,New Mexico,115
1026,Gus_Bilirakis,Republican,Florida,115
1027,Vern_Buchanan,Republican,Florida,115
1028,Kathy_Castor,Democratic,Florida,115
1029,Yvette_Clarke,Democratic,New York,115
1030,Steve_Cohen,Democratic,Tennessee,115
1031,Joe_Courtney_(politician),Democratic,Connecticut,115
1032,Keith_Ellison,Democratic,Minnesota,115
1033,Hank_Johnson,Democratic,Georgia,115
1034,Jim_Jordan_(American_politician),Republican,Ohio,115
1035,Doug_Lamborn,Republican,Colorado,115
1036,Dave_Loebsack,Democratic,Iowa,115
1037,Kevin_McCarthy_(California_politician),Republican,California,115
1038,Jerry_McNerney,Democratic,California,115
1039,Ed_Perlmutter,Democratic,Colorado,115
1040,Pete_Roskam,Republican,Illinois,115
1041,John_Sarbanes,Democratic,Maryland,115
1042,Adrian_Smith_(politician),Republican,Nebraska,115
1043,Tim_Walz,Democratic,Minnesota,115
1044,Peter_Welch,Democratic,Vermont,115
1045,John_Yarmuth,Democratic,Kentucky,115
1046,Niki_Tsongas,Democratic,Massachusetts,115
1047,Bob_Latta,Republican,Ohio,115
1048,Rob_Wittman,Republican,Virginia,115
1049,André_Carson,Democratic,Indiana,115
1050,Jackie_Speier,Democratic,California,115
1051,Steve_Scalise,Republican,Louisiana,115
1052,Marcia_Fudge,Democratic,Ohio,115
1053,Rick_Nolan,Democratic,Minnesota,115
1054,Mark_Sanford,Republican,South Carolina,115
1055,Jason_Chaffetz,Republican,Utah,115
1056,Mike_Coffman,Republican,Colorado,115
1057,Gerry_Connolly,Democratic,Virginia,115
1058,Brett_Guthrie,Republican,Kentucky,115
1059,Gregg_Harper,Republican,Mississippi,115
1060,Jim_Himes,Democratic,Connecticut,115
1061,Duncan_D._Hunter,Republican,California,115
1062,Lynn_Jenkins,Republican,Kansas,115
1063,Leonard_Lance,Republican,New Jersey,115
1064,Blaine_Luetkemeyer,Republican,Missouri,115
1065,Ben_Ray_Luján,Democratic,New Mexico,115
1066,Tom_McClintock,Republican,California,115
1067,Pete_Olson,Republican,Texas,115
1068,Erik_Paulsen,Republican,Minnesota,115
1069,Chellie_Pingree,Democratic,Maine,115
1070,Jared_Polis,Democratic,Colorado,115
1071,Bill_Posey,Republican,Florida,115
1072,Phil_Roe_(politician),Republican,Tennessee,115
1073,Tom_Rooney_(Florida_politician),Republican,Florida,115
1074,Kurt_Schrader,Democratic,Oregon,115
1075,Glenn_Thompson_(politician),Republican,Pennsylvania,115
1076,Paul_Tonko,Democratic,New York,115
1077,Mike_Quigley_(politician),Democratic,Illinois,115
1078,Judy_Chu,Democratic,California,115
1079,John_Garamendi,Democratic,California,115
1080,Ted_Deutch,Democratic,Florida,115
1081,Tom_Graves,Republican,Georgia,115
1082,Tom_Reed_(politician),Republican,New York,115
1083,Tim_Walberg,Republican,Michigan,115
1084,Bill_Foster_(politician),Democratic,Illinois,115
1085,Justin_Amash,Republican,Michigan,115
1086,Lou_Barletta,Republican,Pennsylvania,115
1087,Karen_Bass,Democratic,California,115
1088,Diane_Black,Republican,Tennessee,115
1089,Mo_Brooks,Republican,Alabama,115
1090,Larry_Bucshon,Republican,Indiana,115
1091,David_Cicilline,Democratic,Rhode Island,115
1092,Rick_Crawford_(politician),Republican,Arkansas,115
1093,Jeff_Denham,Republican,California,115
1094,Scott_DesJarlais,Republican,Tennessee,115
1095,Sean_Duffy,Republican,Wisconsin,115
1096,Jeff_Duncan_(politician),Republican,South Carolina,115
1097,Blake_Farenthold,Republican,Texas,115
1098,Chuck_Fleischmann,Republican,Tennessee,115
1099,Bill_Flores,Republican,Texas,115
1100,Bob_Gibbs,Republican,Ohio,115
1101,Paul_Gosar,Republican,Arizona,115
1102,Trey_Gowdy,Republican,South Carolina,115
1103,Morgan_Griffith,Republican,Virginia,115
1104,Andy_Harris_(politician),Republican,Maryland,115
1105,Vicky_Hartzler,Republican,Missouri,115
1106,Jaime_Herrera_Beutler,Republican,Washington,115
1107,Bill_Huizenga,Republican,Michigan,115
1108,Randy_Hultgren,Republican,Illinois,115
1109,Bill_Johnson_(Ohio_politician),Republican,Ohio,115
1110,Bill_Keating_(politician),Democratic,Massachusetts,115
1111,Mike_Kelly_(Pennsylvania_politician),Republican,Pennsylvania,115
1112,Adam_Kinzinger,Republican,Illinois,115
1113,Raúl_Labrador,Republican,Idaho,115
1114,Billy_Long,Republican,Missouri,115
1115,Tom_Marino,Republican,Pennsylvania,115
1116,David_McKinley,Republican,West Virginia,115
1117,Pat_Meehan,Republican,Pennsylvania,115
1118,Mick_Mulvaney,Republican,South Carolina,115
1119,Kristi_Noem,Republican,South Dakota,115
1120,Steven_Palazzo,Republican,Mississippi,115
1121,Mike_Pompeo,Republican,Kansas,115
1122,Jim_Renacci,Republican,Ohio,115
1123,Cedric_Richmond,Democratic,Louisiana,115
1124,Martha_Roby,Republican,Alabama,115
1125,Todd_Rokita,Republican,Indiana,115
1126,Dennis_Ross_(politician),Republican,Florida,115
1127,David_Schweikert,Republican,Arizona,115
1128,Austin_Scott_(politician),Republican,Georgia,115
1129,Terri_Sewell,Democratic,Alabama,115
1130,Steve_Stivers,Republican,Ohio,115
1131,Scott_Tipton,Republican,Colorado,115
1132,Daniel_Webster_(Florida_politician),Republican,Florida,115
1133,Frederica_Wilson,Democratic,Florida,115
1134,Steve_Womack,Republican,Arkansas,115
1135,Rob_Woodall,Republican,Georgia,115
1136,Kevin_Yoder,Republican,Kansas,115
1137,Mark_Amodei,Republican,Nevada,115
1138,Suzanne_Bonamici,Democratic,Oregon,115
1139,Suzan_DelBene,Democratic,Washington,115
1140,Thomas_Massie,Republican,Kentucky,115
1141,Donald_Payne_Jr.,Democratic,New Jersey,115
1142,Dina_Titus,Democratic,Nevada,115
1143,Carol_Shea-Porter,Democratic,New Hampshire,115
1144,Colleen_Hanabusa,Democratic,Hawaii,115
1145,Andy_Barr_(American_politician),Republican,Kentucky,115
1146,Joyce_Beatty,Democratic,Ohio,115
1147,Ami_Bera,Democratic,California,115
1148,Jim_Bridenstine,Republican,Oklahoma,115
1149,Susan_Brooks,Republican,Indiana,115
1150,Julia_Brownley,Democratic,California,115
1151,Cheri_Bustos,Democratic,Illinois,115
1152,Tony_Cárdenas,Democratic,California,115
1153,Matt_Cartwright,Democratic,Pennsylvania,115
1154,Joaquín_Castro,Democratic,Texas,115
1155,Chris_Collins_(American_politician),Republican,New York,115
1156,Doug_Collins_(politician),Republican,Georgia,115
1157,Paul_Cook_(politician),Republican,California,115
1158,Kevin_Cramer,Republican,North Dakota,115
1159,Rodney_Davis_(politician),Republican,Illinois,115
1160,John_Delaney_(Maryland_politician),Democratic,Maryland,115
1161,Ron_DeSantis,Republican,Florida,115
1162,Elizabeth_Esty,Democratic,Connecticut,115
1163,Lois_Frankel,Democratic,Florida,115
1164,Tulsi_Gabbard,Democratic,Hawaii,115
1165,Dennis_Heck,Democratic,Washington,115
1166,George_Holding,Republican,North Carolina,115
1167,Richard_Hudson_(American_politician),Republican,North Carolina,115
1168,Jared_Huffman,Democratic,California,115
1169,Hakeem_Jeffries,Democratic,New York,115
1170,David_Joyce_(politician),Republican,Ohio,115
1171,Joe_Kennedy_III,Democratic,Massachusetts,115
1172,Dan_Kildee,Democratic,Michigan,115
1173,Derek_Kilmer,Democratic,Washington,115
1174,Ann_McLane_Kuster,Democratic,New Hampshire,115
1175,Doug_LaMalfa,Republican,California,115
1176,Alan_Lowenthal,Democratic,California,115
1177,Michelle_Lujan_Grisham,Democratic,New Mexico,115
1178,Sean_Patrick_Maloney,Democratic,New York,115
1179,Mark_Meadows_(North_Carolina_politician),Republican,North Carolina,115
1180,Grace_Meng,Democratic,New York,115
1181,Luke_Messer,Republican,Indiana,115
1182,Markwayne_Mullin,Republican,Oklahoma,115
1183,Beto_O'Rourke,Democratic,Texas,115
1184,Scott_Perry_(politician),Republican,Pennsylvania,115
1185,Scott_Peters_(politician),Democratic,California,115
1186,Robert_Pittenger,Republican,North Carolina,115
1187,Mark_Pocan,Democratic,Wisconsin,115
1188,Tom_Rice,Republican,South Carolina,115
1189,Keith_Rothfus,Republican,Pennsylvania,115
1190,Raul_Ruiz_(politician),Democratic,California,115
1191,Kyrsten_Sinema,Democratic,Arizona,115
1192,Chris_Stewart_(politician),Republican,Utah,115
1193,Eric_Swalwell,Democratic,California,115
1194,Mark_Takano,Democratic,California,115
1195,David_Valadao,Republican,California,115
1196,Juan_Vargas,Democratic,California,115
1197,Marc_Veasey,Democratic,Texas,115
1198,Filemon_Vela_Jr.,Democratic,Texas,115
1199,Ann_Wagner,Republican,Missouri,115
1200,Jackie_Walorski,Republican,Indiana,115
1201,Randy_Weber,Republican,Texas,115
1202,Brad_Wenstrup,Republican,Ohio,115
1203,Roger_Williams_(American_politician),Republican,Texas,115
1204,Ted_Yoho,Republican,Florida,115
1205,Robin_Kelly,Democratic,Illinois,115
1206,Jason_Smith_(politician),Republican,Missouri,115
1207,Katherine_Clark,Democratic,Massachusetts,115
1208,Bradley_Byrne,Republican,Alabama,115
1209,Alma_Adams,Democratic,North Carolina,115
1210,Dave_Brat,Republican,Virginia,115
1211,Donald_Norcross,Democratic,New Jersey,115
1212,Ralph_Abraham_(politician),Republican,Louisiana,115
1213,Pete_Aguilar,Democratic,California,115
1214,Rick_W._Allen,Republican,Georgia,115
1215,Brian_Babin,Republican,Texas,115
1216,Don_Beyer,Democratic,Virginia,115
1217,Mike_Bishop_(politician),Republican,Michigan,115
1218,Rod_Blum,Republican,Iowa,115
1219,Mike_Bost,Republican,Illinois,115
1220,Brendan_Boyle,Democratic,Pennsylvania,115
1221,Ken_Buck,Republican,Colorado,115
1222,Buddy_Carter,Republican,Georgia,115
1223,Barbara_Comstock,Republican,Virginia,115
1224,Ryan_Costello,Republican,Pennsylvania,115
1225,Carlos_Curbelo,Republican,Florida,115
1226,Mark_DeSaulnier,Democratic,California,115
1227,Debbie_Dingell,Democratic,Michigan,115
1228,Tom_Emmer,Republican,Minnesota,115
1229,Ruben_Gallego,Democratic,Arizona,115
1230,Garret_Graves,Republican,Louisiana,115
1231,Glenn_Grothman,Republican,Wisconsin,115
1232,Jody_Hice,Republican,Georgia,115
1233,French_Hill_(politician),Republican,Arkansas,115
1234,Will_Hurd,Republican,Texas,115
1235,Evan_Jenkins_(politician),Republican,West Virginia,115
1236,John_Katko,Republican,New York,115
1237,Steve_Knight_(politician),Republican,California,115
1238,Brenda_Lawrence,Democratic,Michigan,115
1239,Ted_Lieu,Democratic,California,115
1240,Barry_Loudermilk,Republican,Georgia,115
1241,Mia_Love,Republican,Utah,115
1242,Tom_MacArthur,Republican,New Jersey,115
1243,Martha_McSally,Republican,Arizona,115
1244,John_Moolenaar,Republican,Michigan,115
1245,Alex_Mooney,Republican,West Virginia,115
1246,Seth_Moulton,Democratic,Massachusetts,115
1247,Dan_Newhouse,Republican,Washington,115
1248,Gary_Palmer_(politician),Republican,Alabama,115
1249,Bruce_Poliquin,Republican,Maine,115
1250,John_Ratcliffe_(American_politician),Republican,Texas,115
1251,Kathleen_Rice,Democratic,New York,115
1252,David_Rouzer,Republican,North Carolina,115
1253,Steve_Russell_(politician),Republican,Oklahoma,115
1254,Elise_Stefanik,Republican,New York,115
1255,Norma_Torres,Democratic,California,115
1256,Dave_Trott_(politician),Republican,Michigan,115
1257,Mark_Walker_(North_Carolina_politician),Republican,North Carolina,115
1258,Mimi_Walters,Republican,California,115
1259,Bonnie_Watson_Coleman,Democratic,New Jersey,115
1260,Bruce_Westerman,Republican,Arkansas,115
1261,David_Young_(Iowa_politician),Republican,Iowa,115
1262,Lee_Zeldin,Republican,New York,115
1263,Ryan_Zinke,Republican,Montana,115
1264,Dan_Donovan_(politician),Republican,New York,115
1265,Trent_Kelly,Republican,Mississippi,115
1266,Darin_LaHood,Republican,Illinois,115
1267,Warren_Davidson,Republican,Ohio,115
1268,James_Comer_(politician),Republican,Kentucky,115
1269,Dwight_Evans_(politician),Democratic,Pennsylvania,115
1270,Brad_Schneider,Democratic,Illinois,115
1271,Jodey_Arrington,Republican,Texas,115
1272,Don_Bacon_(politician),Republican,Nebraska,115
1273,Jim_Banks,Republican,Indiana,115
1274,Nanette_Barragán,Democratic,California,115
1275,Jack_Bergman,Republican,Michigan,115
1276,Andy_Biggs,Republican,Arizona,115
1277,Lisa_Blunt_Rochester,Democratic,Delaware,115
1278,Anthony_G._Brown,Democratic,Maryland,115
1279,Ted_Budd,Republican,North Carolina,115
1280,Salud_Carbajal,Democratic,California,115
1281,Liz_Cheney,Republican,Wyoming,115
1282,Lou_Correa,Democratic,California,115
1283,Charlie_Crist,Democratic,Florida,115
1284,Val_Demings,Democratic,Florida,115
1285,Neal_Dunn,Republican,Florida,115
1286,Adriano_Espaillat,Democratic,New York,115
1287,John_Faso,Republican,New York,115
1288,Drew_Ferguson_(politician),Republican,Georgia,115
1289,Brian_Fitzpatrick_(American_politician),Republican,Pennsylvania,115
1290,Matt_Gaetz,Republican,Florida,115
1291,Mike_Gallagher_(American_politician),Republican,Wisconsin,115
1292,Tom_Garrett_(Virginia_politician),Republican,Virginia,115
1293,Vicente_González_(politician),Democratic,Texas,115
1294,Josh_Gottheimer,Democratic,New Jersey,115
1295,Clay_Higgins,Republican,Louisiana,115
1296,Trey_Hollingsworth,Republican,Indiana,115
1297,Pramila_Jayapal,Democratic,Washington,115
1298,Mike_Johnson_(Louisiana_politician),Republican,Louisiana,115
1299,Ro_Khanna,Democratic,California,115
1300,Ruben_Kihuen,Democratic,Nevada,115
1301,Raja_Krishnamoorthi,Democratic,Illinois,115
1302,David_Kustoff,Republican,Tennessee,115
1303,Al_Lawson,Democratic,Florida,115
1304,Jason_Lewis_(Minnesota_politician),Republican,Minnesota,115
1305,Roger_Marshall_(politician),Republican,Kansas,115
1306,Brian_Mast,Republican,Florida,115
1307,Donald_McEachin,Democratic,Virginia,115
1308,Paul_Mitchell_(politician),Republican,Michigan,115
1309,Stephanie_Murphy,Democratic,Florida,115
1310,Tom_O'Halleran,Democratic,Arizona,115
1311,Jimmy_Panetta,Democratic,California,115
1312,Jamie_Raskin,Democratic,Maryland,115
1313,Francis_Rooney,Republican,Florida,115
1314,Jacky_Rosen,Democratic,Nevada,115
1315,John_Rutherford_(Florida_politician),Republican,Florida,115
1316,Lloyd_Smucker,Republican,Pennsylvania,115
1317,Darren_Soto,Democratic,Florida,115
1318,Thomas_Suozzi,Democratic,New York,115
1319,Scott_Taylor_(politician),Republican,Virginia,115
1320,Claudia_Tenney,Republican,New York,115
1321,Ron_Estes,Republican,Kansas,115
1322,Greg_Gianforte,Republican,Montana,115
1323,Jimmy_Gomez,Democratic,California,115
1324,Karen_Handel,Republican,Georgia,115
1325,Ralph_Norman,Republican,South Carolina,115
1326,John_Curtis_(American_politician),Republican,Utah,115
1327,Conor_Lamb,Democratic,Pennsylvania,115
1328,Debbie_Lesko,Republican,Arizona,115
1329,Michael_Cloud,Republican,Texas,115
1330,Troy_Balderson,Republican,Ohio,115
